"Sample ID","Rep","Well","Dilution","Substrate","Time","Absorbance","Sample_Type"
"Clear_Creek",1,"A1",0.1,"Water",24,0,"Water"
"Clear_Creek",1,"A1",0.1,"Water",48,0,"Water"
"Clear_Creek",1,"A1",0.1,"Water",144,0,"Water"
"Clear_Creek",1,"A2",0.1,"β-Methyl-D- Glucoside",24,0.01,"Soil"
"Clear_Creek",1,"A2",0.1,"β-Methyl-D- Glucoside",48,0.497,"Soil"
"Clear_Creek",1,"A2",0.1,"β-Methyl-D- Glucoside",144,0.772,"Soil"
"Clear_Creek",1,"A3",0.1,"D-Galactonic Acid γ-Lactone",24,0.07,"Soil"
"Clear_Creek",1,"A3",0.1,"D-Galactonic Acid γ-Lactone",48,1.915,"Soil"
"Clear_Creek",1,"A3",0.1,"D-Galactonic Acid γ-Lactone",144,2.906,"Soil"
"Clear_Creek",1,"A4",0.1,"L-Arginine",24,0.003,"Soil"
"Clear_Creek",1,"A4",0.1,"L-Arginine",48,0,"Soil"
"Clear_Creek",1,"A4",0.1,"L-Arginine",144,0.508,"Soil"
"Clear_Creek",1,"B1",0.1,"Pyruvic Acid Methyl Ester",24,0,"Soil"
"Clear_Creek",1,"B1",0.1,"Pyruvic Acid Methyl Ester",48,0.038,"Soil"
"Clear_Creek",1,"B1",0.1,"Pyruvic Acid Methyl Ester",144,0.94,"Soil"
"Clear_Creek",1,"B2",0.1,"D-Xylose",24,0,"Soil"
"Clear_Creek",1,"B2",0.1,"D-Xylose",48,0,"Soil"
"Clear_Creek",1,"B2",0.1,"D-Xylose",144,0,"Soil"
"Clear_Creek",1,"B3",0.1,"D-Galacturonic Acid",24,0.016,"Soil"
"Clear_Creek",1,"B3",0.1,"D-Galacturonic Acid",48,1.816,"Soil"
"Clear_Creek",1,"B3",0.1,"D-Galacturonic Acid",144,2.123,"Soil"
"Clear_Creek",1,"B4",0.1,"L-Asparganine",24,0.037,"Soil"
"Clear_Creek",1,"B4",0.1,"L-Asparganine",48,0.057,"Soil"
"Clear_Creek",1,"B4",0.1,"L-Asparganine",144,0.293,"Soil"
"Clear_Creek",1,"C1",0.1,"Tween 40",24,0,"Soil"
"Clear_Creek",1,"C1",0.1,"Tween 40",48,0,"Soil"
"Clear_Creek",1,"C1",0.1,"Tween 40",144,0,"Soil"
"Clear_Creek",1,"C2",0.1,"i-Erythitol",24,0.001,"Soil"
"Clear_Creek",1,"C2",0.1,"i-Erythitol",48,0,"Soil"
"Clear_Creek",1,"C2",0.1,"i-Erythitol",144,0.61,"Soil"
"Clear_Creek",1,"C3",0.1,"2-Hydroxy Benzoic Acid",24,0.099,"Soil"
"Clear_Creek",1,"C3",0.1,"2-Hydroxy Benzoic Acid",48,0.116,"Soil"
"Clear_Creek",1,"C3",0.1,"2-Hydroxy Benzoic Acid",144,0.111,"Soil"
"Clear_Creek",1,"C4",0.1,"L-Phenylalanine",24,0.153,"Soil"
"Clear_Creek",1,"C4",0.1,"L-Phenylalanine",48,0.208,"Soil"
"Clear_Creek",1,"C4",0.1,"L-Phenylalanine",144,0.303,"Soil"
"Clear_Creek",1,"D1",0.1,"Tween 80",24,0.138,"Soil"
"Clear_Creek",1,"D1",0.1,"Tween 80",48,0.611,"Soil"
"Clear_Creek",1,"D1",0.1,"Tween 80",144,2.608,"Soil"
"Clear_Creek",1,"D2",0.1,"D-Mannitol",24,0.032,"Soil"
"Clear_Creek",1,"D2",0.1,"D-Mannitol",48,0.648,"Soil"
"Clear_Creek",1,"D2",0.1,"D-Mannitol",144,2.409,"Soil"
"Clear_Creek",1,"D3",0.1,"4-Hydroxy Benzoic Acid",24,0.179,"Soil"
"Clear_Creek",1,"D3",0.1,"4-Hydroxy Benzoic Acid",48,0.372,"Soil"
"Clear_Creek",1,"D3",0.1,"4-Hydroxy Benzoic Acid",144,0.698,"Soil"
"Clear_Creek",1,"D4",0.1,"L-Serine",24,0.185,"Soil"
"Clear_Creek",1,"D4",0.1,"L-Serine",48,0.223,"Soil"
"Clear_Creek",1,"D4",0.1,"L-Serine",144,1.17,"Soil"
"Clear_Creek",1,"E1",0.1,"α-Cyclodextrin",24,0,"Soil"
"Clear_Creek",1,"E1",0.1,"α-Cyclodextrin",48,0,"Soil"
"Clear_Creek",1,"E1",0.1,"α-Cyclodextrin",144,0.627,"Soil"
"Clear_Creek",1,"E2",0.1,"N-Acetyl-D-Glucosamine",24,0.179,"Soil"
"Clear_Creek",1,"E2",0.1,"N-Acetyl-D-Glucosamine",48,1.675,"Soil"
"Clear_Creek",1,"E2",0.1,"N-Acetyl-D-Glucosamine",144,2.589,"Soil"
"Clear_Creek",1,"E3",0.1,"γ-Hydroxybutyric Acid",24,0.233,"Soil"
"Clear_Creek",1,"E3",0.1,"γ-Hydroxybutyric Acid",48,0.36,"Soil"
"Clear_Creek",1,"E3",0.1,"γ-Hydroxybutyric Acid",144,0.521,"Soil"
"Clear_Creek",1,"E4",0.1,"L-Threonine",24,0.066,"Soil"
"Clear_Creek",1,"E4",0.1,"L-Threonine",48,0.033,"Soil"
"Clear_Creek",1,"E4",0.1,"L-Threonine",144,0.417,"Soil"
"Clear_Creek",1,"F1",0.1,"Glycogen",24,0.026,"Soil"
"Clear_Creek",1,"F1",0.1,"Glycogen",48,0,"Soil"
"Clear_Creek",1,"F1",0.1,"Glycogen",144,0.835,"Soil"
"Clear_Creek",1,"F2",0.1,"D-Glucosaminic Acid",24,0,"Soil"
"Clear_Creek",1,"F2",0.1,"D-Glucosaminic Acid",48,0,"Soil"
"Clear_Creek",1,"F2",0.1,"D-Glucosaminic Acid",144,0,"Soil"
"Clear_Creek",1,"F3",0.1,"Itaconic Acid",24,0.059,"Soil"
"Clear_Creek",1,"F3",0.1,"Itaconic Acid",48,0.045,"Soil"
"Clear_Creek",1,"F3",0.1,"Itaconic Acid",144,0,"Soil"
"Clear_Creek",1,"F4",0.1,"Glycyl-L-Glutamic Acid",24,0.277,"Soil"
"Clear_Creek",1,"F4",0.1,"Glycyl-L-Glutamic Acid",48,0.265,"Soil"
"Clear_Creek",1,"F4",0.1,"Glycyl-L-Glutamic Acid",144,0.398,"Soil"
"Clear_Creek",1,"G1",0.1,"D-Cellobiose",24,0.002,"Soil"
"Clear_Creek",1,"G1",0.1,"D-Cellobiose",48,0.509,"Soil"
"Clear_Creek",1,"G1",0.1,"D-Cellobiose",144,1.75,"Soil"
"Clear_Creek",1,"G2",0.1,"Glucose-1-Phosphate",24,0.086,"Soil"
"Clear_Creek",1,"G2",0.1,"Glucose-1-Phosphate",48,1.102,"Soil"
"Clear_Creek",1,"G2",0.1,"Glucose-1-Phosphate",144,1.398,"Soil"
"Clear_Creek",1,"G3",0.1,"α-Ketobutyric Acid",24,0.004,"Soil"
"Clear_Creek",1,"G3",0.1,"α-Ketobutyric Acid",48,0,"Soil"
"Clear_Creek",1,"G3",0.1,"α-Ketobutyric Acid",144,0.242,"Soil"
"Clear_Creek",1,"G4",0.1,"Phenylethylamine",24,0.031,"Soil"
"Clear_Creek",1,"G4",0.1,"Phenylethylamine",48,0.011,"Soil"
"Clear_Creek",1,"G4",0.1,"Phenylethylamine",144,0.077,"Soil"
"Clear_Creek",1,"H1",0.1,"α-D-Lactose",24,0,"Soil"
"Clear_Creek",1,"H1",0.1,"α-D-Lactose",48,0,"Soil"
"Clear_Creek",1,"H1",0.1,"α-D-Lactose",144,0.268,"Soil"
"Clear_Creek",1,"H2",0.1,"D.L -α-Glycerol Phosphate",24,0.005,"Soil"
"Clear_Creek",1,"H2",0.1,"D.L -α-Glycerol Phosphate",48,0,"Soil"
"Clear_Creek",1,"H2",0.1,"D.L -α-Glycerol Phosphate",144,0,"Soil"
"Clear_Creek",1,"H3",0.1,"D-Mallic Acid",24,0,"Soil"
"Clear_Creek",1,"H3",0.1,"D-Mallic Acid",48,0,"Soil"
"Clear_Creek",1,"H3",0.1,"D-Mallic Acid",144,0.987,"Soil"
"Clear_Creek",1,"H4",0.1,"Putrescine",24,0,"Soil"
"Clear_Creek",1,"H4",0.1,"Putrescine",48,0,"Soil"
"Clear_Creek",1,"H4",0.1,"Putrescine",144,0,"Soil"
"Clear_Creek",2,"A1",0.1,"Water",24,0,"Water"
"Clear_Creek",2,"A1",0.1,"Water",48,0,"Water"
"Clear_Creek",2,"A1",0.1,"Water",144,0,"Water"
"Clear_Creek",2,"A2",0.1,"β-Methyl-D- Glucoside",24,0.06,"Soil"
"Clear_Creek",2,"A2",0.1,"β-Methyl-D- Glucoside",48,1.089,"Soil"
"Clear_Creek",2,"A2",0.1,"β-Methyl-D- Glucoside",144,1.174,"Soil"
"Clear_Creek",2,"A3",0.1,"D-Galactonic Acid γ-Lactone",24,0.041,"Soil"
"Clear_Creek",2,"A3",0.1,"D-Galactonic Acid γ-Lactone",48,1.688,"Soil"
"Clear_Creek",2,"A3",0.1,"D-Galactonic Acid γ-Lactone",144,1.753,"Soil"
"Clear_Creek",2,"A4",0.1,"L-Arginine",24,0.001,"Soil"
"Clear_Creek",2,"A4",0.1,"L-Arginine",48,0.125,"Soil"
"Clear_Creek",2,"A4",0.1,"L-Arginine",144,0.266,"Soil"
"Clear_Creek",2,"B1",0.1,"Pyruvic Acid Methyl Ester",24,0.029,"Soil"
"Clear_Creek",2,"B1",0.1,"Pyruvic Acid Methyl Ester",48,0.728,"Soil"
"Clear_Creek",2,"B1",0.1,"Pyruvic Acid Methyl Ester",144,1.458,"Soil"
"Clear_Creek",2,"B2",0.1,"D-Xylose",24,0.004,"Soil"
"Clear_Creek",2,"B2",0.1,"D-Xylose",48,0,"Soil"
"Clear_Creek",2,"B2",0.1,"D-Xylose",144,0,"Soil"
"Clear_Creek",2,"B3",0.1,"D-Galacturonic Acid",24,0.167,"Soil"
"Clear_Creek",2,"B3",0.1,"D-Galacturonic Acid",48,0.645,"Soil"
"Clear_Creek",2,"B3",0.1,"D-Galacturonic Acid",144,1.076,"Soil"
"Clear_Creek",2,"B4",0.1,"L-Asparganine",24,0.061,"Soil"
"Clear_Creek",2,"B4",0.1,"L-Asparganine",48,0.498,"Soil"
"Clear_Creek",2,"B4",0.1,"L-Asparganine",144,2.07,"Soil"
"Clear_Creek",2,"C1",0.1,"Tween 40",24,0,"Soil"
"Clear_Creek",2,"C1",0.1,"Tween 40",48,0.042,"Soil"
"Clear_Creek",2,"C1",0.1,"Tween 40",144,1.381,"Soil"
"Clear_Creek",2,"C2",0.1,"i-Erythitol",24,0,"Soil"
"Clear_Creek",2,"C2",0.1,"i-Erythitol",48,0.018,"Soil"
"Clear_Creek",2,"C2",0.1,"i-Erythitol",144,0.029,"Soil"
"Clear_Creek",2,"C3",0.1,"2-Hydroxy Benzoic Acid",24,0.067,"Soil"
"Clear_Creek",2,"C3",0.1,"2-Hydroxy Benzoic Acid",48,0,"Soil"
"Clear_Creek",2,"C3",0.1,"2-Hydroxy Benzoic Acid",144,0.001,"Soil"
"Clear_Creek",2,"C4",0.1,"L-Phenylalanine",24,0.139,"Soil"
"Clear_Creek",2,"C4",0.1,"L-Phenylalanine",48,0.17,"Soil"
"Clear_Creek",2,"C4",0.1,"L-Phenylalanine",144,1.239,"Soil"
"Clear_Creek",2,"D1",0.1,"Tween 80",24,0.048,"Soil"
"Clear_Creek",2,"D1",0.1,"Tween 80",48,0.131,"Soil"
"Clear_Creek",2,"D1",0.1,"Tween 80",144,1.471,"Soil"
"Clear_Creek",2,"D2",0.1,"D-Mannitol",24,0.229,"Soil"
"Clear_Creek",2,"D2",0.1,"D-Mannitol",48,0.264,"Soil"
"Clear_Creek",2,"D2",0.1,"D-Mannitol",144,0.116,"Soil"
"Clear_Creek",2,"D3",0.1,"4-Hydroxy Benzoic Acid",24,0.307,"Soil"
"Clear_Creek",2,"D3",0.1,"4-Hydroxy Benzoic Acid",48,0.332,"Soil"
"Clear_Creek",2,"D3",0.1,"4-Hydroxy Benzoic Acid",144,0.376,"Soil"
"Clear_Creek",2,"D4",0.1,"L-Serine",24,0.289,"Soil"
"Clear_Creek",2,"D4",0.1,"L-Serine",48,0.408,"Soil"
"Clear_Creek",2,"D4",0.1,"L-Serine",144,0.382,"Soil"
"Clear_Creek",2,"E1",0.1,"α-Cyclodextrin",24,0.007,"Soil"
"Clear_Creek",2,"E1",0.1,"α-Cyclodextrin",48,0.005,"Soil"
"Clear_Creek",2,"E1",0.1,"α-Cyclodextrin",144,0.025,"Soil"
"Clear_Creek",2,"E2",0.1,"N-Acetyl-D-Glucosamine",24,0.146,"Soil"
"Clear_Creek",2,"E2",0.1,"N-Acetyl-D-Glucosamine",48,0.89,"Soil"
"Clear_Creek",2,"E2",0.1,"N-Acetyl-D-Glucosamine",144,1.908,"Soil"
"Clear_Creek",2,"E3",0.1,"γ-Hydroxybutyric Acid",24,0.12,"Soil"
"Clear_Creek",2,"E3",0.1,"γ-Hydroxybutyric Acid",48,0.101,"Soil"
"Clear_Creek",2,"E3",0.1,"γ-Hydroxybutyric Acid",144,0.013,"Soil"
"Clear_Creek",2,"E4",0.1,"L-Threonine",24,0.202,"Soil"
"Clear_Creek",2,"E4",0.1,"L-Threonine",48,0.016,"Soil"
"Clear_Creek",2,"E4",0.1,"L-Threonine",144,0.707,"Soil"
"Clear_Creek",2,"F1",0.1,"Glycogen",24,0.041,"Soil"
"Clear_Creek",2,"F1",0.1,"Glycogen",48,0.049,"Soil"
"Clear_Creek",2,"F1",0.1,"Glycogen",144,0.109,"Soil"
"Clear_Creek",2,"F2",0.1,"D-Glucosaminic Acid",24,0.022,"Soil"
"Clear_Creek",2,"F2",0.1,"D-Glucosaminic Acid",48,0.038,"Soil"
"Clear_Creek",2,"F2",0.1,"D-Glucosaminic Acid",144,1.416,"Soil"
"Clear_Creek",2,"F3",0.1,"Itaconic Acid",24,0.128,"Soil"
"Clear_Creek",2,"F3",0.1,"Itaconic Acid",48,0.629,"Soil"
"Clear_Creek",2,"F3",0.1,"Itaconic Acid",144,0.94,"Soil"
"Clear_Creek",2,"F4",0.1,"Glycyl-L-Glutamic Acid",24,0.152,"Soil"
"Clear_Creek",2,"F4",0.1,"Glycyl-L-Glutamic Acid",48,0.072,"Soil"
"Clear_Creek",2,"F4",0.1,"Glycyl-L-Glutamic Acid",144,0.145,"Soil"
"Clear_Creek",2,"G1",0.1,"D-Cellobiose",24,0,"Soil"
"Clear_Creek",2,"G1",0.1,"D-Cellobiose",48,1.069,"Soil"
"Clear_Creek",2,"G1",0.1,"D-Cellobiose",144,2.421,"Soil"
"Clear_Creek",2,"G2",0.1,"Glucose-1-Phosphate",24,0.006,"Soil"
"Clear_Creek",2,"G2",0.1,"Glucose-1-Phosphate",48,0.276,"Soil"
"Clear_Creek",2,"G2",0.1,"Glucose-1-Phosphate",144,0.958,"Soil"
"Clear_Creek",2,"G3",0.1,"α-Ketobutyric Acid",24,0.005,"Soil"
"Clear_Creek",2,"G3",0.1,"α-Ketobutyric Acid",48,0.018,"Soil"
"Clear_Creek",2,"G3",0.1,"α-Ketobutyric Acid",144,0.279,"Soil"
"Clear_Creek",2,"G4",0.1,"Phenylethylamine",24,0.02,"Soil"
"Clear_Creek",2,"G4",0.1,"Phenylethylamine",48,0.015,"Soil"
"Clear_Creek",2,"G4",0.1,"Phenylethylamine",144,0.053,"Soil"
"Clear_Creek",2,"H1",0.1,"α-D-Lactose",24,0.007,"Soil"
"Clear_Creek",2,"H1",0.1,"α-D-Lactose",48,0.034,"Soil"
"Clear_Creek",2,"H1",0.1,"α-D-Lactose",144,2.264,"Soil"
"Clear_Creek",2,"H2",0.1,"D.L -α-Glycerol Phosphate",24,0.101,"Soil"
"Clear_Creek",2,"H2",0.1,"D.L -α-Glycerol Phosphate",48,0.296,"Soil"
"Clear_Creek",2,"H2",0.1,"D.L -α-Glycerol Phosphate",144,0.265,"Soil"
"Clear_Creek",2,"H3",0.1,"D-Mallic Acid",24,0,"Soil"
"Clear_Creek",2,"H3",0.1,"D-Mallic Acid",48,0.239,"Soil"
"Clear_Creek",2,"H3",0.1,"D-Mallic Acid",144,0.584,"Soil"
"Clear_Creek",2,"H4",0.1,"Putrescine",24,0.11,"Soil"
"Clear_Creek",2,"H4",0.1,"Putrescine",48,0.618,"Soil"
"Clear_Creek",2,"H4",0.1,"Putrescine",144,0.81,"Soil"
"Clear_Creek",3,"A1",0.1,"Water",24,0,"Water"
"Clear_Creek",3,"A1",0.1,"Water",48,0,"Water"
"Clear_Creek",3,"A1",0.1,"Water",144,0,"Water"
"Clear_Creek",3,"A2",0.1,"β-Methyl-D- Glucoside",24,0,"Soil"
"Clear_Creek",3,"A2",0.1,"β-Methyl-D- Glucoside",48,0.256,"Soil"
"Clear_Creek",3,"A2",0.1,"β-Methyl-D- Glucoside",144,1.651,"Soil"
"Clear_Creek",3,"A3",0.1,"D-Galactonic Acid γ-Lactone",24,0.011,"Soil"
"Clear_Creek",3,"A3",0.1,"D-Galactonic Acid γ-Lactone",48,0.01,"Soil"
"Clear_Creek",3,"A3",0.1,"D-Galactonic Acid γ-Lactone",144,0.041,"Soil"
"Clear_Creek",3,"A4",0.1,"L-Arginine",24,0.245,"Soil"
"Clear_Creek",3,"A4",0.1,"L-Arginine",48,1.602,"Soil"
"Clear_Creek",3,"A4",0.1,"L-Arginine",144,1.598,"Soil"
"Clear_Creek",3,"B1",0.1,"Pyruvic Acid Methyl Ester",24,0,"Soil"
"Clear_Creek",3,"B1",0.1,"Pyruvic Acid Methyl Ester",48,0.081,"Soil"
"Clear_Creek",3,"B1",0.1,"Pyruvic Acid Methyl Ester",144,1.217,"Soil"
"Clear_Creek",3,"B2",0.1,"D-Xylose",24,0.019,"Soil"
"Clear_Creek",3,"B2",0.1,"D-Xylose",48,0.005,"Soil"
"Clear_Creek",3,"B2",0.1,"D-Xylose",144,0.028,"Soil"
"Clear_Creek",3,"B3",0.1,"D-Galacturonic Acid",24,0.2,"Soil"
"Clear_Creek",3,"B3",0.1,"D-Galacturonic Acid",48,1.441,"Soil"
"Clear_Creek",3,"B3",0.1,"D-Galacturonic Acid",144,2.025,"Soil"
"Clear_Creek",3,"B4",0.1,"L-Asparganine",24,0.059,"Soil"
"Clear_Creek",3,"B4",0.1,"L-Asparganine",48,0.866,"Soil"
"Clear_Creek",3,"B4",0.1,"L-Asparganine",144,2.653,"Soil"
"Clear_Creek",3,"C1",0.1,"Tween 40",24,0,"Soil"
"Clear_Creek",3,"C1",0.1,"Tween 40",48,0.338,"Soil"
"Clear_Creek",3,"C1",0.1,"Tween 40",144,1.483,"Soil"
"Clear_Creek",3,"C2",0.1,"i-Erythitol",24,0.017,"Soil"
"Clear_Creek",3,"C2",0.1,"i-Erythitol",48,0.045,"Soil"
"Clear_Creek",3,"C2",0.1,"i-Erythitol",144,0.08,"Soil"
"Clear_Creek",3,"C3",0.1,"2-Hydroxy Benzoic Acid",24,0.009,"Soil"
"Clear_Creek",3,"C3",0.1,"2-Hydroxy Benzoic Acid",48,0.241,"Soil"
"Clear_Creek",3,"C3",0.1,"2-Hydroxy Benzoic Acid",144,0.031,"Soil"
"Clear_Creek",3,"C4",0.1,"L-Phenylalanine",24,0.014,"Soil"
"Clear_Creek",3,"C4",0.1,"L-Phenylalanine",48,0.251,"Soil"
"Clear_Creek",3,"C4",0.1,"L-Phenylalanine",144,0.26,"Soil"
"Clear_Creek",3,"D1",0.1,"Tween 80",24,0.062,"Soil"
"Clear_Creek",3,"D1",0.1,"Tween 80",48,0.253,"Soil"
"Clear_Creek",3,"D1",0.1,"Tween 80",144,0.876,"Soil"
"Clear_Creek",3,"D2",0.1,"D-Mannitol",24,0.123,"Soil"
"Clear_Creek",3,"D2",0.1,"D-Mannitol",48,0.469,"Soil"
"Clear_Creek",3,"D2",0.1,"D-Mannitol",144,0.686,"Soil"
"Clear_Creek",3,"D3",0.1,"4-Hydroxy Benzoic Acid",24,0.008,"Soil"
"Clear_Creek",3,"D3",0.1,"4-Hydroxy Benzoic Acid",48,0.23,"Soil"
"Clear_Creek",3,"D3",0.1,"4-Hydroxy Benzoic Acid",144,0.463,"Soil"
"Clear_Creek",3,"D4",0.1,"L-Serine",24,0.014,"Soil"
"Clear_Creek",3,"D4",0.1,"L-Serine",48,0.249,"Soil"
"Clear_Creek",3,"D4",0.1,"L-Serine",144,0.391,"Soil"
"Clear_Creek",3,"E1",0.1,"α-Cyclodextrin",24,0.029,"Soil"
"Clear_Creek",3,"E1",0.1,"α-Cyclodextrin",48,0.054,"Soil"
"Clear_Creek",3,"E1",0.1,"α-Cyclodextrin",144,0.098,"Soil"
"Clear_Creek",3,"E2",0.1,"N-Acetyl-D-Glucosamine",24,0.019,"Soil"
"Clear_Creek",3,"E2",0.1,"N-Acetyl-D-Glucosamine",48,0.136,"Soil"
"Clear_Creek",3,"E2",0.1,"N-Acetyl-D-Glucosamine",144,0.265,"Soil"
"Clear_Creek",3,"E3",0.1,"γ-Hydroxybutyric Acid",24,0.066,"Soil"
"Clear_Creek",3,"E3",0.1,"γ-Hydroxybutyric Acid",48,0.261,"Soil"
"Clear_Creek",3,"E3",0.1,"γ-Hydroxybutyric Acid",144,0.372,"Soil"
"Clear_Creek",3,"E4",0.1,"L-Threonine",24,0.058,"Soil"
"Clear_Creek",3,"E4",0.1,"L-Threonine",48,0.325,"Soil"
"Clear_Creek",3,"E4",0.1,"L-Threonine",144,0.754,"Soil"
"Clear_Creek",3,"F1",0.1,"Glycogen",24,0.885,"Soil"
"Clear_Creek",3,"F1",0.1,"Glycogen",48,0.89,"Soil"
"Clear_Creek",3,"F1",0.1,"Glycogen",144,1.035,"Soil"
"Clear_Creek",3,"F2",0.1,"D-Glucosaminic Acid",24,0.009,"Soil"
"Clear_Creek",3,"F2",0.1,"D-Glucosaminic Acid",48,0.191,"Soil"
"Clear_Creek",3,"F2",0.1,"D-Glucosaminic Acid",144,0.051,"Soil"
"Clear_Creek",3,"F3",0.1,"Itaconic Acid",24,0.037,"Soil"
"Clear_Creek",3,"F3",0.1,"Itaconic Acid",48,0.546,"Soil"
"Clear_Creek",3,"F3",0.1,"Itaconic Acid",144,0.802,"Soil"
"Clear_Creek",3,"F4",0.1,"Glycyl-L-Glutamic Acid",24,0.014,"Soil"
"Clear_Creek",3,"F4",0.1,"Glycyl-L-Glutamic Acid",48,0.339,"Soil"
"Clear_Creek",3,"F4",0.1,"Glycyl-L-Glutamic Acid",144,1.009,"Soil"
"Clear_Creek",3,"G1",0.1,"D-Cellobiose",24,0.177,"Soil"
"Clear_Creek",3,"G1",0.1,"D-Cellobiose",48,1.248,"Soil"
"Clear_Creek",3,"G1",0.1,"D-Cellobiose",144,2.145,"Soil"
"Clear_Creek",3,"G2",0.1,"Glucose-1-Phosphate",24,0.033,"Soil"
"Clear_Creek",3,"G2",0.1,"Glucose-1-Phosphate",48,0.481,"Soil"
"Clear_Creek",3,"G2",0.1,"Glucose-1-Phosphate",144,1.197,"Soil"
"Clear_Creek",3,"G3",0.1,"α-Ketobutyric Acid",24,0.025,"Soil"
"Clear_Creek",3,"G3",0.1,"α-Ketobutyric Acid",48,0.072,"Soil"
"Clear_Creek",3,"G3",0.1,"α-Ketobutyric Acid",144,0.1,"Soil"
"Clear_Creek",3,"G4",0.1,"Phenylethylamine",24,0.04,"Soil"
"Clear_Creek",3,"G4",0.1,"Phenylethylamine",48,0.031,"Soil"
"Clear_Creek",3,"G4",0.1,"Phenylethylamine",144,0.046,"Soil"
"Clear_Creek",3,"H1",0.1,"α-D-Lactose",24,0.01,"Soil"
"Clear_Creek",3,"H1",0.1,"α-D-Lactose",48,0.045,"Soil"
"Clear_Creek",3,"H1",0.1,"α-D-Lactose",144,0.319,"Soil"
"Clear_Creek",3,"H2",0.1,"D.L -α-Glycerol Phosphate",24,0,"Soil"
"Clear_Creek",3,"H2",0.1,"D.L -α-Glycerol Phosphate",48,0.005,"Soil"
"Clear_Creek",3,"H2",0.1,"D.L -α-Glycerol Phosphate",144,0.065,"Soil"
"Clear_Creek",3,"H3",0.1,"D-Mallic Acid",24,0.041,"Soil"
"Clear_Creek",3,"H3",0.1,"D-Mallic Acid",48,0.264,"Soil"
"Clear_Creek",3,"H3",0.1,"D-Mallic Acid",144,0.153,"Soil"
"Clear_Creek",3,"H4",0.1,"Putrescine",24,0.012,"Soil"
"Clear_Creek",3,"H4",0.1,"Putrescine",48,0.017,"Soil"
"Clear_Creek",3,"H4",0.1,"Putrescine",144,0.054,"Soil"
"Soil_1",1,"A1",0.1,"Water",24,0,"Water"
"Soil_1",1,"A1",0.1,"Water",48,0,"Water"
"Soil_1",1,"A1",0.1,"Water",144,0,"Water"
"Soil_1",1,"A2",0.1,"β-Methyl-D- Glucoside",24,0.004,"Soil"
"Soil_1",1,"A2",0.1,"β-Methyl-D- Glucoside",48,0.092,"Soil"
"Soil_1",1,"A2",0.1,"β-Methyl-D- Glucoside",144,0.052,"Soil"
"Soil_1",1,"A3",0.1,"D-Galactonic Acid γ-Lactone",24,0.008,"Soil"
"Soil_1",1,"A3",0.1,"D-Galactonic Acid γ-Lactone",48,0.194,"Soil"
"Soil_1",1,"A3",0.1,"D-Galactonic Acid γ-Lactone",144,0.174,"Soil"
"Soil_1",1,"A4",0.1,"L-Arginine",24,0.003,"Soil"
"Soil_1",1,"A4",0.1,"L-Arginine",48,0.609,"Soil"
"Soil_1",1,"A4",0.1,"L-Arginine",144,0.396,"Soil"
"Soil_1",1,"B1",0.1,"Pyruvic Acid Methyl Ester",24,0.002,"Soil"
"Soil_1",1,"B1",0.1,"Pyruvic Acid Methyl Ester",48,0.537,"Soil"
"Soil_1",1,"B1",0.1,"Pyruvic Acid Methyl Ester",144,0.656,"Soil"
"Soil_1",1,"B2",0.1,"D-Xylose",24,0.011,"Soil"
"Soil_1",1,"B2",0.1,"D-Xylose",48,0.251,"Soil"
"Soil_1",1,"B2",0.1,"D-Xylose",144,0.36,"Soil"
"Soil_1",1,"B3",0.1,"D-Galacturonic Acid",24,0.047,"Soil"
"Soil_1",1,"B3",0.1,"D-Galacturonic Acid",48,0.494,"Soil"
"Soil_1",1,"B3",0.1,"D-Galacturonic Acid",144,0.161,"Soil"
"Soil_1",1,"B4",0.1,"L-Asparganine",24,0.001,"Soil"
"Soil_1",1,"B4",0.1,"L-Asparganine",48,0.851,"Soil"
"Soil_1",1,"B4",0.1,"L-Asparganine",144,0.877,"Soil"
"Soil_1",1,"C1",0.1,"Tween 40",24,0.123,"Soil"
"Soil_1",1,"C1",0.1,"Tween 40",48,0,"Soil"
"Soil_1",1,"C1",0.1,"Tween 40",144,0.829,"Soil"
"Soil_1",1,"C2",0.1,"i-Erythitol",24,0.007,"Soil"
"Soil_1",1,"C2",0.1,"i-Erythitol",48,0.106,"Soil"
"Soil_1",1,"C2",0.1,"i-Erythitol",144,0.904,"Soil"
"Soil_1",1,"C3",0.1,"2-Hydroxy Benzoic Acid",24,0,"Soil"
"Soil_1",1,"C3",0.1,"2-Hydroxy Benzoic Acid",48,0,"Soil"
"Soil_1",1,"C3",0.1,"2-Hydroxy Benzoic Acid",144,0,"Soil"
"Soil_1",1,"C4",0.1,"L-Phenylalanine",24,0,"Soil"
"Soil_1",1,"C4",0.1,"L-Phenylalanine",48,0,"Soil"
"Soil_1",1,"C4",0.1,"L-Phenylalanine",144,0.31,"Soil"
"Soil_1",1,"D1",0.1,"Tween 80",24,0.476,"Soil"
"Soil_1",1,"D1",0.1,"Tween 80",48,0.342,"Soil"
"Soil_1",1,"D1",0.1,"Tween 80",144,1.134,"Soil"
"Soil_1",1,"D2",0.1,"D-Mannitol",24,0.023,"Soil"
"Soil_1",1,"D2",0.1,"D-Mannitol",48,0.565,"Soil"
"Soil_1",1,"D2",0.1,"D-Mannitol",144,1.423,"Soil"
"Soil_1",1,"D3",0.1,"4-Hydroxy Benzoic Acid",24,0.018,"Soil"
"Soil_1",1,"D3",0.1,"4-Hydroxy Benzoic Acid",48,0.288,"Soil"
"Soil_1",1,"D3",0.1,"4-Hydroxy Benzoic Acid",144,0.845,"Soil"
"Soil_1",1,"D4",0.1,"L-Serine",24,0.003,"Soil"
"Soil_1",1,"D4",0.1,"L-Serine",48,0,"Soil"
"Soil_1",1,"D4",0.1,"L-Serine",144,0.323,"Soil"
"Soil_1",1,"E1",0.1,"α-Cyclodextrin",24,0.138,"Soil"
"Soil_1",1,"E1",0.1,"α-Cyclodextrin",48,0.266,"Soil"
"Soil_1",1,"E1",0.1,"α-Cyclodextrin",144,0.637,"Soil"
"Soil_1",1,"E2",0.1,"N-Acetyl-D-Glucosamine",24,0.094,"Soil"
"Soil_1",1,"E2",0.1,"N-Acetyl-D-Glucosamine",48,0.677,"Soil"
"Soil_1",1,"E2",0.1,"N-Acetyl-D-Glucosamine",144,1.384,"Soil"
"Soil_1",1,"E3",0.1,"γ-Hydroxybutyric Acid",24,0.035,"Soil"
"Soil_1",1,"E3",0.1,"γ-Hydroxybutyric Acid",48,0.129,"Soil"
"Soil_1",1,"E3",0.1,"γ-Hydroxybutyric Acid",144,0.13,"Soil"
"Soil_1",1,"E4",0.1,"L-Threonine",24,0.001,"Soil"
"Soil_1",1,"E4",0.1,"L-Threonine",48,0,"Soil"
"Soil_1",1,"E4",0.1,"L-Threonine",144,0.766,"Soil"
"Soil_1",1,"F1",0.1,"Glycogen",24,0.184,"Soil"
"Soil_1",1,"F1",0.1,"Glycogen",48,0.41,"Soil"
"Soil_1",1,"F1",0.1,"Glycogen",144,1.117,"Soil"
"Soil_1",1,"F2",0.1,"D-Glucosaminic Acid",24,0.076,"Soil"
"Soil_1",1,"F2",0.1,"D-Glucosaminic Acid",48,0.331,"Soil"
"Soil_1",1,"F2",0.1,"D-Glucosaminic Acid",144,1.141,"Soil"
"Soil_1",1,"F3",0.1,"Itaconic Acid",24,0.029,"Soil"
"Soil_1",1,"F3",0.1,"Itaconic Acid",48,0.615,"Soil"
"Soil_1",1,"F3",0.1,"Itaconic Acid",144,1.584,"Soil"
"Soil_1",1,"F4",0.1,"Glycyl-L-Glutamic Acid",24,0.001,"Soil"
"Soil_1",1,"F4",0.1,"Glycyl-L-Glutamic Acid",48,0,"Soil"
"Soil_1",1,"F4",0.1,"Glycyl-L-Glutamic Acid",144,0.083,"Soil"
"Soil_1",1,"G1",0.1,"D-Cellobiose",24,0.109,"Soil"
"Soil_1",1,"G1",0.1,"D-Cellobiose",48,0.934,"Soil"
"Soil_1",1,"G1",0.1,"D-Cellobiose",144,1.628,"Soil"
"Soil_1",1,"G2",0.1,"Glucose-1-Phosphate",24,0.052,"Soil"
"Soil_1",1,"G2",0.1,"Glucose-1-Phosphate",48,0.298,"Soil"
"Soil_1",1,"G2",0.1,"Glucose-1-Phosphate",144,0.571,"Soil"
"Soil_1",1,"G3",0.1,"α-Ketobutyric Acid",24,0.038,"Soil"
"Soil_1",1,"G3",0.1,"α-Ketobutyric Acid",48,0,"Soil"
"Soil_1",1,"G3",0.1,"α-Ketobutyric Acid",144,0.483,"Soil"
"Soil_1",1,"G4",0.1,"Phenylethylamine",24,0.003,"Soil"
"Soil_1",1,"G4",0.1,"Phenylethylamine",48,0,"Soil"
"Soil_1",1,"G4",0.1,"Phenylethylamine",144,0,"Soil"
"Soil_1",1,"H1",0.1,"α-D-Lactose",24,0.009,"Soil"
"Soil_1",1,"H1",0.1,"α-D-Lactose",48,0.192,"Soil"
"Soil_1",1,"H1",0.1,"α-D-Lactose",144,1.026,"Soil"
"Soil_1",1,"H2",0.1,"D.L -α-Glycerol Phosphate",24,0.01,"Soil"
"Soil_1",1,"H2",0.1,"D.L -α-Glycerol Phosphate",48,0,"Soil"
"Soil_1",1,"H2",0.1,"D.L -α-Glycerol Phosphate",144,0,"Soil"
"Soil_1",1,"H3",0.1,"D-Mallic Acid",24,0.002,"Soil"
"Soil_1",1,"H3",0.1,"D-Mallic Acid",48,0.086,"Soil"
"Soil_1",1,"H3",0.1,"D-Mallic Acid",144,0,"Soil"
"Soil_1",1,"H4",0.1,"Putrescine",24,0.025,"Soil"
"Soil_1",1,"H4",0.1,"Putrescine",48,0,"Soil"
"Soil_1",1,"H4",0.1,"Putrescine",144,0,"Soil"
"Soil_1",2,"A1",0.1,"Water",24,0,"Water"
"Soil_1",2,"A1",0.1,"Water",48,0,"Water"
"Soil_1",2,"A1",0.1,"Water",144,0,"Water"
"Soil_1",2,"A2",0.1,"β-Methyl-D- Glucoside",24,0.01,"Soil"
"Soil_1",2,"A2",0.1,"β-Methyl-D- Glucoside",48,0.418,"Soil"
"Soil_1",2,"A2",0.1,"β-Methyl-D- Glucoside",144,0.545,"Soil"
"Soil_1",2,"A3",0.1,"D-Galactonic Acid γ-Lactone",24,0.07,"Soil"
"Soil_1",2,"A3",0.1,"D-Galactonic Acid γ-Lactone",48,0.379,"Soil"
"Soil_1",2,"A3",0.1,"D-Galactonic Acid γ-Lactone",144,0.674,"Soil"
"Soil_1",2,"A4",0.1,"L-Arginine",24,0.003,"Soil"
"Soil_1",2,"A4",0.1,"L-Arginine",48,0.825,"Soil"
"Soil_1",2,"A4",0.1,"L-Arginine",144,0.981,"Soil"
"Soil_1",2,"B1",0.1,"Pyruvic Acid Methyl Ester",24,0,"Soil"
"Soil_1",2,"B1",0.1,"Pyruvic Acid Methyl Ester",48,0.511,"Soil"
"Soil_1",2,"B1",0.1,"Pyruvic Acid Methyl Ester",144,0.785,"Soil"
"Soil_1",2,"B2",0.1,"D-Xylose",24,0,"Soil"
"Soil_1",2,"B2",0.1,"D-Xylose",48,0.74,"Soil"
"Soil_1",2,"B2",0.1,"D-Xylose",144,1.017,"Soil"
"Soil_1",2,"B3",0.1,"D-Galacturonic Acid",24,0.016,"Soil"
"Soil_1",2,"B3",0.1,"D-Galacturonic Acid",48,0.831,"Soil"
"Soil_1",2,"B3",0.1,"D-Galacturonic Acid",144,0.998,"Soil"
"Soil_1",2,"B4",0.1,"L-Asparganine",24,0.037,"Soil"
"Soil_1",2,"B4",0.1,"L-Asparganine",48,1.084,"Soil"
"Soil_1",2,"B4",0.1,"L-Asparganine",144,1.424,"Soil"
"Soil_1",2,"C1",0.1,"Tween 40",24,0,"Soil"
"Soil_1",2,"C1",0.1,"Tween 40",48,0,"Soil"
"Soil_1",2,"C1",0.1,"Tween 40",144,0.651,"Soil"
"Soil_1",2,"C2",0.1,"i-Erythitol",24,0.001,"Soil"
"Soil_1",2,"C2",0.1,"i-Erythitol",48,0.814,"Soil"
"Soil_1",2,"C2",0.1,"i-Erythitol",144,1.082,"Soil"
"Soil_1",2,"C3",0.1,"2-Hydroxy Benzoic Acid",24,0.099,"Soil"
"Soil_1",2,"C3",0.1,"2-Hydroxy Benzoic Acid",48,0.561,"Soil"
"Soil_1",2,"C3",0.1,"2-Hydroxy Benzoic Acid",144,1.312,"Soil"
"Soil_1",2,"C4",0.1,"L-Phenylalanine",24,0.153,"Soil"
"Soil_1",2,"C4",0.1,"L-Phenylalanine",48,0.936,"Soil"
"Soil_1",2,"C4",0.1,"L-Phenylalanine",144,1.24,"Soil"
"Soil_1",2,"D1",0.1,"Tween 80",24,0.138,"Soil"
"Soil_1",2,"D1",0.1,"Tween 80",48,0.541,"Soil"
"Soil_1",2,"D1",0.1,"Tween 80",144,1.257,"Soil"
"Soil_1",2,"D2",0.1,"D-Mannitol",24,0.032,"Soil"
"Soil_1",2,"D2",0.1,"D-Mannitol",48,0.83,"Soil"
"Soil_1",2,"D2",0.1,"D-Mannitol",144,1.35,"Soil"
"Soil_1",2,"D3",0.1,"4-Hydroxy Benzoic Acid",24,0.179,"Soil"
"Soil_1",2,"D3",0.1,"4-Hydroxy Benzoic Acid",48,0.798,"Soil"
"Soil_1",2,"D3",0.1,"4-Hydroxy Benzoic Acid",144,1.256,"Soil"
"Soil_1",2,"D4",0.1,"L-Serine",24,0.185,"Soil"
"Soil_1",2,"D4",0.1,"L-Serine",48,0.967,"Soil"
"Soil_1",2,"D4",0.1,"L-Serine",144,1.433,"Soil"
"Soil_1",2,"E1",0.1,"α-Cyclodextrin",24,0,"Soil"
"Soil_1",2,"E1",0.1,"α-Cyclodextrin",48,0.522,"Soil"
"Soil_1",2,"E1",0.1,"α-Cyclodextrin",144,0.556,"Soil"
"Soil_1",2,"E2",0.1,"N-Acetyl-D-Glucosamine",24,0.179,"Soil"
"Soil_1",2,"E2",0.1,"N-Acetyl-D-Glucosamine",48,0.837,"Soil"
"Soil_1",2,"E2",0.1,"N-Acetyl-D-Glucosamine",144,1.291,"Soil"
"Soil_1",2,"E3",0.1,"γ-Hydroxybutyric Acid",24,0.233,"Soil"
"Soil_1",2,"E3",0.1,"γ-Hydroxybutyric Acid",48,1.098,"Soil"
"Soil_1",2,"E3",0.1,"γ-Hydroxybutyric Acid",144,1.191,"Soil"
"Soil_1",2,"E4",0.1,"L-Threonine",24,0.066,"Soil"
"Soil_1",2,"E4",0.1,"L-Threonine",48,0.844,"Soil"
"Soil_1",2,"E4",0.1,"L-Threonine",144,1.241,"Soil"
"Soil_1",2,"F1",0.1,"Glycogen",24,0.026,"Soil"
"Soil_1",2,"F1",0.1,"Glycogen",48,0,"Soil"
"Soil_1",2,"F1",0.1,"Glycogen",144,0,"Soil"
"Soil_1",2,"F2",0.1,"D-Glucosaminic Acid",24,0,"Soil"
"Soil_1",2,"F2",0.1,"D-Glucosaminic Acid",48,0.864,"Soil"
"Soil_1",2,"F2",0.1,"D-Glucosaminic Acid",144,1.356,"Soil"
"Soil_1",2,"F3",0.1,"Itaconic Acid",24,0.059,"Soil"
"Soil_1",2,"F3",0.1,"Itaconic Acid",48,0.886,"Soil"
"Soil_1",2,"F3",0.1,"Itaconic Acid",144,1.524,"Soil"
"Soil_1",2,"F4",0.1,"Glycyl-L-Glutamic Acid",24,0.277,"Soil"
"Soil_1",2,"F4",0.1,"Glycyl-L-Glutamic Acid",48,0.72,"Soil"
"Soil_1",2,"F4",0.1,"Glycyl-L-Glutamic Acid",144,0.983,"Soil"
"Soil_1",2,"G1",0.1,"D-Cellobiose",24,0.002,"Soil"
"Soil_1",2,"G1",0.1,"D-Cellobiose",48,0.696,"Soil"
"Soil_1",2,"G1",0.1,"D-Cellobiose",144,1.233,"Soil"
"Soil_1",2,"G2",0.1,"Glucose-1-Phosphate",24,0.086,"Soil"
"Soil_1",2,"G2",0.1,"Glucose-1-Phosphate",48,0.735,"Soil"
"Soil_1",2,"G2",0.1,"Glucose-1-Phosphate",144,0.94,"Soil"
"Soil_1",2,"G3",0.1,"α-Ketobutyric Acid",24,0.004,"Soil"
"Soil_1",2,"G3",0.1,"α-Ketobutyric Acid",48,0.748,"Soil"
"Soil_1",2,"G3",0.1,"α-Ketobutyric Acid",144,0.942,"Soil"
"Soil_1",2,"G4",0.1,"Phenylethylamine",24,0.031,"Soil"
"Soil_1",2,"G4",0.1,"Phenylethylamine",48,0,"Soil"
"Soil_1",2,"G4",0.1,"Phenylethylamine",144,0,"Soil"
"Soil_1",2,"H1",0.1,"α-D-Lactose",24,0,"Soil"
"Soil_1",2,"H1",0.1,"α-D-Lactose",48,0.416,"Soil"
"Soil_1",2,"H1",0.1,"α-D-Lactose",144,0.59,"Soil"
"Soil_1",2,"H2",0.1,"D.L -α-Glycerol Phosphate",24,0.005,"Soil"
"Soil_1",2,"H2",0.1,"D.L -α-Glycerol Phosphate",48,0.41,"Soil"
"Soil_1",2,"H2",0.1,"D.L -α-Glycerol Phosphate",144,0.491,"Soil"
"Soil_1",2,"H3",0.1,"D-Mallic Acid",24,0,"Soil"
"Soil_1",2,"H3",0.1,"D-Mallic Acid",48,0.519,"Soil"
"Soil_1",2,"H3",0.1,"D-Mallic Acid",144,0.629,"Soil"
"Soil_1",2,"H4",0.1,"Putrescine",24,0,"Soil"
"Soil_1",2,"H4",0.1,"Putrescine",48,0.514,"Soil"
"Soil_1",2,"H4",0.1,"Putrescine",144,0.611,"Soil"
"Soil_1",3,"A1",0.1,"Water",24,0,"Water"
"Soil_1",3,"A1",0.1,"Water",48,0,"Water"
"Soil_1",3,"A1",0.1,"Water",144,0,"Water"
"Soil_1",3,"A2",0.1,"β-Methyl-D- Glucoside",24,0.556,"Soil"
"Soil_1",3,"A2",0.1,"β-Methyl-D- Glucoside",48,0.782,"Soil"
"Soil_1",3,"A2",0.1,"β-Methyl-D- Glucoside",144,0.83,"Soil"
"Soil_1",3,"A3",0.1,"D-Galactonic Acid γ-Lactone",24,0.637,"Soil"
"Soil_1",3,"A3",0.1,"D-Galactonic Acid γ-Lactone",48,0.715,"Soil"
"Soil_1",3,"A3",0.1,"D-Galactonic Acid γ-Lactone",144,0.721,"Soil"
"Soil_1",3,"A4",0.1,"L-Arginine",24,1.12,"Soil"
"Soil_1",3,"A4",0.1,"L-Arginine",48,1.156,"Soil"
"Soil_1",3,"A4",0.1,"L-Arginine",144,1.297,"Soil"
"Soil_1",3,"B1",0.1,"Pyruvic Acid Methyl Ester",24,0.652,"Soil"
"Soil_1",3,"B1",0.1,"Pyruvic Acid Methyl Ester",48,0.873,"Soil"
"Soil_1",3,"B1",0.1,"Pyruvic Acid Methyl Ester",144,1.09,"Soil"
"Soil_1",3,"B2",0.1,"D-Xylose",24,0.666,"Soil"
"Soil_1",3,"B2",0.1,"D-Xylose",48,0.951,"Soil"
"Soil_1",3,"B2",0.1,"D-Xylose",144,1.184,"Soil"
"Soil_1",3,"B3",0.1,"D-Galacturonic Acid",24,0.946,"Soil"
"Soil_1",3,"B3",0.1,"D-Galacturonic Acid",48,1.154,"Soil"
"Soil_1",3,"B3",0.1,"D-Galacturonic Acid",144,1.596,"Soil"
"Soil_1",3,"B4",0.1,"L-Asparganine",24,1.457,"Soil"
"Soil_1",3,"B4",0.1,"L-Asparganine",48,1.524,"Soil"
"Soil_1",3,"B4",0.1,"L-Asparganine",144,1.746,"Soil"
"Soil_1",3,"C1",0.1,"Tween 40",24,0.34,"Soil"
"Soil_1",3,"C1",0.1,"Tween 40",48,0.486,"Soil"
"Soil_1",3,"C1",0.1,"Tween 40",144,0.928,"Soil"
"Soil_1",3,"C2",0.1,"i-Erythitol",24,0.587,"Soil"
"Soil_1",3,"C2",0.1,"i-Erythitol",48,0.683,"Soil"
"Soil_1",3,"C2",0.1,"i-Erythitol",144,1.457,"Soil"
"Soil_1",3,"C3",0.1,"2-Hydroxy Benzoic Acid",24,0.484,"Soil"
"Soil_1",3,"C3",0.1,"2-Hydroxy Benzoic Acid",48,0.55,"Soil"
"Soil_1",3,"C3",0.1,"2-Hydroxy Benzoic Acid",144,1.444,"Soil"
"Soil_1",3,"C4",0.1,"L-Phenylalanine",24,0.672,"Soil"
"Soil_1",3,"C4",0.1,"L-Phenylalanine",48,0.993,"Soil"
"Soil_1",3,"C4",0.1,"L-Phenylalanine",144,1.745,"Soil"
"Soil_1",3,"D1",0.1,"Tween 80",24,0.755,"Soil"
"Soil_1",3,"D1",0.1,"Tween 80",48,0.975,"Soil"
"Soil_1",3,"D1",0.1,"Tween 80",144,1.657,"Soil"
"Soil_1",3,"D2",0.1,"D-Mannitol",24,1.132,"Soil"
"Soil_1",3,"D2",0.1,"D-Mannitol",48,1.394,"Soil"
"Soil_1",3,"D2",0.1,"D-Mannitol",144,1.704,"Soil"
"Soil_1",3,"D3",0.1,"4-Hydroxy Benzoic Acid",24,0.666,"Soil"
"Soil_1",3,"D3",0.1,"4-Hydroxy Benzoic Acid",48,1.218,"Soil"
"Soil_1",3,"D3",0.1,"4-Hydroxy Benzoic Acid",144,0,"Soil"
"Soil_1",3,"D4",0.1,"L-Serine",24,1.24,"Soil"
"Soil_1",3,"D4",0.1,"L-Serine",48,1.636,"Soil"
"Soil_1",3,"D4",0.1,"L-Serine",144,0,"Soil"
"Soil_1",3,"E1",0.1,"α-Cyclodextrin",24,0.316,"Soil"
"Soil_1",3,"E1",0.1,"α-Cyclodextrin",48,0.615,"Soil"
"Soil_1",3,"E1",0.1,"α-Cyclodextrin",144,0.765,"Soil"
"Soil_1",3,"E2",0.1,"N-Acetyl-D-Glucosamine",24,0.823,"Soil"
"Soil_1",3,"E2",0.1,"N-Acetyl-D-Glucosamine",48,1.242,"Soil"
"Soil_1",3,"E2",0.1,"N-Acetyl-D-Glucosamine",144,1.804,"Soil"
"Soil_1",3,"E3",0.1,"γ-Hydroxybutyric Acid",24,0,"Soil"
"Soil_1",3,"E3",0.1,"γ-Hydroxybutyric Acid",48,0,"Soil"
"Soil_1",3,"E3",0.1,"γ-Hydroxybutyric Acid",144,0,"Soil"
"Soil_1",3,"E4",0.1,"L-Threonine",24,0.685,"Soil"
"Soil_1",3,"E4",0.1,"L-Threonine",48,0.825,"Soil"
"Soil_1",3,"E4",0.1,"L-Threonine",144,1.705,"Soil"
"Soil_1",3,"F1",0.1,"Glycogen",24,0.582,"Soil"
"Soil_1",3,"F1",0.1,"Glycogen",48,0.85,"Soil"
"Soil_1",3,"F1",0.1,"Glycogen",144,0.977,"Soil"
"Soil_1",3,"F2",0.1,"D-Glucosaminic Acid",24,0.462,"Soil"
"Soil_1",3,"F2",0.1,"D-Glucosaminic Acid",48,0.776,"Soil"
"Soil_1",3,"F2",0.1,"D-Glucosaminic Acid",144,1.333,"Soil"
"Soil_1",3,"F3",0.1,"Itaconic Acid",24,0.546,"Soil"
"Soil_1",3,"F3",0.1,"Itaconic Acid",48,1.043,"Soil"
"Soil_1",3,"F3",0.1,"Itaconic Acid",144,1.58,"Soil"
"Soil_1",3,"F4",0.1,"Glycyl-L-Glutamic Acid",24,0.559,"Soil"
"Soil_1",3,"F4",0.1,"Glycyl-L-Glutamic Acid",48,0.735,"Soil"
"Soil_1",3,"F4",0.1,"Glycyl-L-Glutamic Acid",144,1.069,"Soil"
"Soil_1",3,"G1",0.1,"D-Cellobiose",24,0.472,"Soil"
"Soil_1",3,"G1",0.1,"D-Cellobiose",48,1.123,"Soil"
"Soil_1",3,"G1",0.1,"D-Cellobiose",144,1.493,"Soil"
"Soil_1",3,"G2",0.1,"Glucose-1-Phosphate",24,0.761,"Soil"
"Soil_1",3,"G2",0.1,"Glucose-1-Phosphate",48,0.912,"Soil"
"Soil_1",3,"G2",0.1,"Glucose-1-Phosphate",144,1.002,"Soil"
"Soil_1",3,"G3",0.1,"α-Ketobutyric Acid",24,0.6,"Soil"
"Soil_1",3,"G3",0.1,"α-Ketobutyric Acid",48,0.655,"Soil"
"Soil_1",3,"G3",0.1,"α-Ketobutyric Acid",144,0.866,"Soil"
"Soil_1",3,"G4",0.1,"Phenylethylamine",24,0,"Soil"
"Soil_1",3,"G4",0.1,"Phenylethylamine",48,0.249,"Soil"
"Soil_1",3,"G4",0.1,"Phenylethylamine",144,1.546,"Soil"
"Soil_1",3,"H1",0.1,"α-D-Lactose",24,0.33,"Soil"
"Soil_1",3,"H1",0.1,"α-D-Lactose",48,0.68,"Soil"
"Soil_1",3,"H1",0.1,"α-D-Lactose",144,0.806,"Soil"
"Soil_1",3,"H2",0.1,"D.L -α-Glycerol Phosphate",24,0.334,"Soil"
"Soil_1",3,"H2",0.1,"D.L -α-Glycerol Phosphate",48,0.354,"Soil"
"Soil_1",3,"H2",0.1,"D.L -α-Glycerol Phosphate",144,0.368,"Soil"
"Soil_1",3,"H3",0.1,"D-Mallic Acid",24,0.339,"Soil"
"Soil_1",3,"H3",0.1,"D-Mallic Acid",48,0.708,"Soil"
"Soil_1",3,"H3",0.1,"D-Mallic Acid",144,0.781,"Soil"
"Soil_1",3,"H4",0.1,"Putrescine",24,0.636,"Soil"
"Soil_1",3,"H4",0.1,"Putrescine",48,0.758,"Soil"
"Soil_1",3,"H4",0.1,"Putrescine",144,0.824,"Soil"
"Soil_2",1,"A1",0.1,"Water",24,0,"Water"
"Soil_2",1,"A1",0.1,"Water",48,0,"Water"
"Soil_2",1,"A1",0.1,"Water",144,0,"Water"
"Soil_2",1,"A2",0.1,"β-Methyl-D- Glucoside",24,0,"Soil"
"Soil_2",1,"A2",0.1,"β-Methyl-D- Glucoside",48,0.014,"Soil"
"Soil_2",1,"A2",0.1,"β-Methyl-D- Glucoside",144,0.097,"Soil"
"Soil_2",1,"A3",0.1,"D-Galactonic Acid γ-Lactone",24,0.008,"Soil"
"Soil_2",1,"A3",0.1,"D-Galactonic Acid γ-Lactone",48,0.081,"Soil"
"Soil_2",1,"A3",0.1,"D-Galactonic Acid γ-Lactone",144,0.279,"Soil"
"Soil_2",1,"A4",0.1,"L-Arginine",24,0.051,"Soil"
"Soil_2",1,"A4",0.1,"L-Arginine",48,0.142,"Soil"
"Soil_2",1,"A4",0.1,"L-Arginine",144,0.408,"Soil"
"Soil_2",1,"B1",0.1,"Pyruvic Acid Methyl Ester",24,0.218,"Soil"
"Soil_2",1,"B1",0.1,"Pyruvic Acid Methyl Ester",48,0.302,"Soil"
"Soil_2",1,"B1",0.1,"Pyruvic Acid Methyl Ester",144,0.614,"Soil"
"Soil_2",1,"B2",0.1,"D-Xylose",24,0.323,"Soil"
"Soil_2",1,"B2",0.1,"D-Xylose",48,0.491,"Soil"
"Soil_2",1,"B2",0.1,"D-Xylose",144,0.954,"Soil"
"Soil_2",1,"B3",0.1,"D-Galacturonic Acid",24,0.382,"Soil"
"Soil_2",1,"B3",0.1,"D-Galacturonic Acid",48,0.443,"Soil"
"Soil_2",1,"B3",0.1,"D-Galacturonic Acid",144,0.85,"Soil"
"Soil_2",1,"B4",0.1,"L-Asparganine",24,0.344,"Soil"
"Soil_2",1,"B4",0.1,"L-Asparganine",48,0.434,"Soil"
"Soil_2",1,"B4",0.1,"L-Asparganine",144,0.986,"Soil"
"Soil_2",1,"C1",0.1,"Tween 40",24,0.121,"Soil"
"Soil_2",1,"C1",0.1,"Tween 40",48,0.153,"Soil"
"Soil_2",1,"C1",0.1,"Tween 40",144,0.532,"Soil"
"Soil_2",1,"C2",0.1,"i-Erythitol",24,0.356,"Soil"
"Soil_2",1,"C2",0.1,"i-Erythitol",48,0.381,"Soil"
"Soil_2",1,"C2",0.1,"i-Erythitol",144,0.824,"Soil"
"Soil_2",1,"C3",0.1,"2-Hydroxy Benzoic Acid",24,0.343,"Soil"
"Soil_2",1,"C3",0.1,"2-Hydroxy Benzoic Acid",48,0.342,"Soil"
"Soil_2",1,"C3",0.1,"2-Hydroxy Benzoic Acid",144,0.943,"Soil"
"Soil_2",1,"C4",0.1,"L-Phenylalanine",24,0.452,"Soil"
"Soil_2",1,"C4",0.1,"L-Phenylalanine",48,0.448,"Soil"
"Soil_2",1,"C4",0.1,"L-Phenylalanine",144,0.948,"Soil"
"Soil_2",1,"D1",0.1,"Tween 80",24,0.228,"Soil"
"Soil_2",1,"D1",0.1,"Tween 80",48,0.241,"Soil"
"Soil_2",1,"D1",0.1,"Tween 80",144,0.745,"Soil"
"Soil_2",1,"D2",0.1,"D-Mannitol",24,0.403,"Soil"
"Soil_2",1,"D2",0.1,"D-Mannitol",48,0.471,"Soil"
"Soil_2",1,"D2",0.1,"D-Mannitol",144,1.006,"Soil"
"Soil_2",1,"D3",0.1,"4-Hydroxy Benzoic Acid",24,0.564,"Soil"
"Soil_2",1,"D3",0.1,"4-Hydroxy Benzoic Acid",48,0.644,"Soil"
"Soil_2",1,"D3",0.1,"4-Hydroxy Benzoic Acid",144,0.843,"Soil"
"Soil_2",1,"D4",0.1,"L-Serine",24,0.353,"Soil"
"Soil_2",1,"D4",0.1,"L-Serine",48,0.498,"Soil"
"Soil_2",1,"D4",0.1,"L-Serine",144,1.024,"Soil"
"Soil_2",1,"E1",0.1,"α-Cyclodextrin",24,0.243,"Soil"
"Soil_2",1,"E1",0.1,"α-Cyclodextrin",48,0.272,"Soil"
"Soil_2",1,"E1",0.1,"α-Cyclodextrin",144,0.724,"Soil"
"Soil_2",1,"E2",0.1,"N-Acetyl-D-Glucosamine",24,0.404,"Soil"
"Soil_2",1,"E2",0.1,"N-Acetyl-D-Glucosamine",48,0.592,"Soil"
"Soil_2",1,"E2",0.1,"N-Acetyl-D-Glucosamine",144,0.984,"Soil"
"Soil_2",1,"E3",0.1,"γ-Hydroxybutyric Acid",24,0.537,"Soil"
"Soil_2",1,"E3",0.1,"γ-Hydroxybutyric Acid",48,0.554,"Soil"
"Soil_2",1,"E3",0.1,"γ-Hydroxybutyric Acid",144,0.96,"Soil"
"Soil_2",1,"E4",0.1,"L-Threonine",24,0.344,"Soil"
"Soil_2",1,"E4",0.1,"L-Threonine",48,0.39,"Soil"
"Soil_2",1,"E4",0.1,"L-Threonine",144,0.825,"Soil"
"Soil_2",1,"F1",0.1,"Glycogen",24,0.241,"Soil"
"Soil_2",1,"F1",0.1,"Glycogen",48,0.375,"Soil"
"Soil_2",1,"F1",0.1,"Glycogen",144,0.652,"Soil"
"Soil_2",1,"F2",0.1,"D-Glucosaminic Acid",24,0.474,"Soil"
"Soil_2",1,"F2",0.1,"D-Glucosaminic Acid",48,0.507,"Soil"
"Soil_2",1,"F2",0.1,"D-Glucosaminic Acid",144,1.036,"Soil"
"Soil_2",1,"F3",0.1,"Itaconic Acid",24,0.405,"Soil"
"Soil_2",1,"F3",0.1,"Itaconic Acid",48,0.463,"Soil"
"Soil_2",1,"F3",0.1,"Itaconic Acid",144,0.811,"Soil"
"Soil_2",1,"F4",0.1,"Glycyl-L-Glutamic Acid",24,0.292,"Soil"
"Soil_2",1,"F4",0.1,"Glycyl-L-Glutamic Acid",48,0.343,"Soil"
"Soil_2",1,"F4",0.1,"Glycyl-L-Glutamic Acid",144,0.757,"Soil"
"Soil_2",1,"G1",0.1,"D-Cellobiose",24,0.124,"Soil"
"Soil_2",1,"G1",0.1,"D-Cellobiose",48,0.289,"Soil"
"Soil_2",1,"G1",0.1,"D-Cellobiose",144,0.387,"Soil"
"Soil_2",1,"G2",0.1,"Glucose-1-Phosphate",24,0.437,"Soil"
"Soil_2",1,"G2",0.1,"Glucose-1-Phosphate",48,0.447,"Soil"
"Soil_2",1,"G2",0.1,"Glucose-1-Phosphate",144,0.817,"Soil"
"Soil_2",1,"G3",0.1,"α-Ketobutyric Acid",24,0.334,"Soil"
"Soil_2",1,"G3",0.1,"α-Ketobutyric Acid",48,0.4,"Soil"
"Soil_2",1,"G3",0.1,"α-Ketobutyric Acid",144,0.781,"Soil"
"Soil_2",1,"G4",0.1,"Phenylethylamine",24,0.446,"Soil"
"Soil_2",1,"G4",0.1,"Phenylethylamine",48,0.498,"Soil"
"Soil_2",1,"G4",0.1,"Phenylethylamine",144,0.899,"Soil"
"Soil_2",1,"H1",0.1,"α-D-Lactose",24,0.052,"Soil"
"Soil_2",1,"H1",0.1,"α-D-Lactose",48,0.072,"Soil"
"Soil_2",1,"H1",0.1,"α-D-Lactose",144,0.364,"Soil"
"Soil_2",1,"H2",0.1,"D.L -α-Glycerol Phosphate",24,0.237,"Soil"
"Soil_2",1,"H2",0.1,"D.L -α-Glycerol Phosphate",48,0.172,"Soil"
"Soil_2",1,"H2",0.1,"D.L -α-Glycerol Phosphate",144,0.252,"Soil"
"Soil_2",1,"H3",0.1,"D-Mallic Acid",24,0.218,"Soil"
"Soil_2",1,"H3",0.1,"D-Mallic Acid",48,0.274,"Soil"
"Soil_2",1,"H3",0.1,"D-Mallic Acid",144,0.456,"Soil"
"Soil_2",1,"H4",0.1,"Putrescine",24,0.277,"Soil"
"Soil_2",1,"H4",0.1,"Putrescine",48,0.342,"Soil"
"Soil_2",1,"H4",0.1,"Putrescine",144,0.467,"Soil"
"Soil_2",2,"A1",0.1,"Water",24,0,"Water"
"Soil_2",2,"A1",0.1,"Water",48,0,"Water"
"Soil_2",2,"A1",0.1,"Water",144,0,"Water"
"Soil_2",2,"A2",0.1,"β-Methyl-D- Glucoside",24,0.703,"Soil"
"Soil_2",2,"A2",0.1,"β-Methyl-D- Glucoside",48,0.878,"Soil"
"Soil_2",2,"A2",0.1,"β-Methyl-D- Glucoside",144,0.853,"Soil"
"Soil_2",2,"A3",0.1,"D-Galactonic Acid γ-Lactone",24,0.374,"Soil"
"Soil_2",2,"A3",0.1,"D-Galactonic Acid γ-Lactone",48,0.717,"Soil"
"Soil_2",2,"A3",0.1,"D-Galactonic Acid γ-Lactone",144,0.957,"Soil"
"Soil_2",2,"A4",0.1,"L-Arginine",24,0.575,"Soil"
"Soil_2",2,"A4",0.1,"L-Arginine",48,0.984,"Soil"
"Soil_2",2,"A4",0.1,"L-Arginine",144,1.306,"Soil"
"Soil_2",2,"B1",0.1,"Pyruvic Acid Methyl Ester",24,0.499,"Soil"
"Soil_2",2,"B1",0.1,"Pyruvic Acid Methyl Ester",48,0.637,"Soil"
"Soil_2",2,"B1",0.1,"Pyruvic Acid Methyl Ester",144,0.565,"Soil"
"Soil_2",2,"B2",0.1,"D-Xylose",24,0.513,"Soil"
"Soil_2",2,"B2",0.1,"D-Xylose",48,1.015,"Soil"
"Soil_2",2,"B2",0.1,"D-Xylose",144,1.594,"Soil"
"Soil_2",2,"B3",0.1,"D-Galacturonic Acid",24,0.708,"Soil"
"Soil_2",2,"B3",0.1,"D-Galacturonic Acid",48,0.943,"Soil"
"Soil_2",2,"B3",0.1,"D-Galacturonic Acid",144,1.308,"Soil"
"Soil_2",2,"B4",0.1,"L-Asparganine",24,0.761,"Soil"
"Soil_2",2,"B4",0.1,"L-Asparganine",48,1.25,"Soil"
"Soil_2",2,"B4",0.1,"L-Asparganine",144,1.725,"Soil"
"Soil_2",2,"C1",0.1,"Tween 40",24,0.255,"Soil"
"Soil_2",2,"C1",0.1,"Tween 40",48,0.584,"Soil"
"Soil_2",2,"C1",0.1,"Tween 40",144,1.204,"Soil"
"Soil_2",2,"C2",0.1,"i-Erythitol",24,0.153,"Soil"
"Soil_2",2,"C2",0.1,"i-Erythitol",48,0.295,"Soil"
"Soil_2",2,"C2",0.1,"i-Erythitol",144,1.618,"Soil"
"Soil_2",2,"C3",0.1,"2-Hydroxy Benzoic Acid",24,0,"Soil"
"Soil_2",2,"C3",0.1,"2-Hydroxy Benzoic Acid",48,0,"Soil"
"Soil_2",2,"C3",0.1,"2-Hydroxy Benzoic Acid",144,0.79,"Soil"
"Soil_2",2,"C4",0.1,"L-Phenylalanine",24,0.285,"Soil"
"Soil_2",2,"C4",0.1,"L-Phenylalanine",48,0.403,"Soil"
"Soil_2",2,"C4",0.1,"L-Phenylalanine",144,1.727,"Soil"
"Soil_2",2,"D1",0.1,"Tween 80",24,0.516,"Soil"
"Soil_2",2,"D1",0.1,"Tween 80",48,0.805,"Soil"
"Soil_2",2,"D1",0.1,"Tween 80",144,1.415,"Soil"
"Soil_2",2,"D2",0.1,"D-Mannitol",24,0.786,"Soil"
"Soil_2",2,"D2",0.1,"D-Mannitol",48,1.127,"Soil"
"Soil_2",2,"D2",0.1,"D-Mannitol",144,1.837,"Soil"
"Soil_2",2,"D3",0.1,"4-Hydroxy Benzoic Acid",24,0.382,"Soil"
"Soil_2",2,"D3",0.1,"4-Hydroxy Benzoic Acid",48,0.521,"Soil"
"Soil_2",2,"D3",0.1,"4-Hydroxy Benzoic Acid",144,1.143,"Soil"
"Soil_2",2,"D4",0.1,"L-Serine",24,0.662,"Soil"
"Soil_2",2,"D4",0.1,"L-Serine",48,1.075,"Soil"
"Soil_2",2,"D4",0.1,"L-Serine",144,1.67,"Soil"
"Soil_2",2,"E1",0.1,"α-Cyclodextrin",24,0,"Soil"
"Soil_2",2,"E1",0.1,"α-Cyclodextrin",48,0.545,"Soil"
"Soil_2",2,"E1",0.1,"α-Cyclodextrin",144,1.276,"Soil"
"Soil_2",2,"E2",0.1,"N-Acetyl-D-Glucosamine",24,0.472,"Soil"
"Soil_2",2,"E2",0.1,"N-Acetyl-D-Glucosamine",48,1.103,"Soil"
"Soil_2",2,"E2",0.1,"N-Acetyl-D-Glucosamine",144,1.641,"Soil"
"Soil_2",2,"E3",0.1,"γ-Hydroxybutyric Acid",24,0,"Soil"
"Soil_2",2,"E3",0.1,"γ-Hydroxybutyric Acid",48,0,"Soil"
"Soil_2",2,"E3",0.1,"γ-Hydroxybutyric Acid",144,0,"Soil"
"Soil_2",2,"E4",0.1,"L-Threonine",24,0.287,"Soil"
"Soil_2",2,"E4",0.1,"L-Threonine",48,0.575,"Soil"
"Soil_2",2,"E4",0.1,"L-Threonine",144,1.704,"Soil"
"Soil_2",2,"F1",0.1,"Glycogen",24,0.566,"Soil"
"Soil_2",2,"F1",0.1,"Glycogen",48,0.811,"Soil"
"Soil_2",2,"F1",0.1,"Glycogen",144,0.834,"Soil"
"Soil_2",2,"F2",0.1,"D-Glucosaminic Acid",24,0.229,"Soil"
"Soil_2",2,"F2",0.1,"D-Glucosaminic Acid",48,0.4,"Soil"
"Soil_2",2,"F2",0.1,"D-Glucosaminic Acid",144,1.284,"Soil"
"Soil_2",2,"F3",0.1,"Itaconic Acid",24,0.339,"Soil"
"Soil_2",2,"F3",0.1,"Itaconic Acid",48,0.683,"Soil"
"Soil_2",2,"F3",0.1,"Itaconic Acid",144,1.585,"Soil"
"Soil_2",2,"F4",0.1,"Glycyl-L-Glutamic Acid",24,0.186,"Soil"
"Soil_2",2,"F4",0.1,"Glycyl-L-Glutamic Acid",48,0.319,"Soil"
"Soil_2",2,"F4",0.1,"Glycyl-L-Glutamic Acid",144,1.113,"Soil"
"Soil_2",2,"G1",0.1,"D-Cellobiose",24,0.05,"Soil"
"Soil_2",2,"G1",0.1,"D-Cellobiose",48,0.821,"Soil"
"Soil_2",2,"G1",0.1,"D-Cellobiose",144,1.153,"Soil"
"Soil_2",2,"G2",0.1,"Glucose-1-Phosphate",24,0,"Soil"
"Soil_2",2,"G2",0.1,"Glucose-1-Phosphate",48,0,"Soil"
"Soil_2",2,"G2",0.1,"Glucose-1-Phosphate",144,0.704,"Soil"
"Soil_2",2,"G3",0.1,"α-Ketobutyric Acid",24,0.244,"Soil"
"Soil_2",2,"G3",0.1,"α-Ketobutyric Acid",48,0.385,"Soil"
"Soil_2",2,"G3",0.1,"α-Ketobutyric Acid",144,1.006,"Soil"
"Soil_2",2,"G4",0.1,"Phenylethylamine",24,0,"Soil"
"Soil_2",2,"G4",0.1,"Phenylethylamine",48,0.112,"Soil"
"Soil_2",2,"G4",0.1,"Phenylethylamine",144,1.717,"Soil"
"Soil_2",2,"H1",0.1,"α-D-Lactose",24,0.043,"Soil"
"Soil_2",2,"H1",0.1,"α-D-Lactose",48,0.559,"Soil"
"Soil_2",2,"H1",0.1,"α-D-Lactose",144,0.963,"Soil"
"Soil_2",2,"H2",0.1,"D.L -α-Glycerol Phosphate",24,0.265,"Soil"
"Soil_2",2,"H2",0.1,"D.L -α-Glycerol Phosphate",48,0.273,"Soil"
"Soil_2",2,"H2",0.1,"D.L -α-Glycerol Phosphate",144,0.218,"Soil"
"Soil_2",2,"H3",0.1,"D-Mallic Acid",24,0.445,"Soil"
"Soil_2",2,"H3",0.1,"D-Mallic Acid",48,0.446,"Soil"
"Soil_2",2,"H3",0.1,"D-Mallic Acid",144,0.984,"Soil"
"Soil_2",2,"H4",0.1,"Putrescine",24,0.48,"Soil"
"Soil_2",2,"H4",0.1,"Putrescine",48,0.653,"Soil"
"Soil_2",2,"H4",0.1,"Putrescine",144,0.794,"Soil"
"Soil_2",3,"A1",0.1,"Water",24,0,"Water"
"Soil_2",3,"A1",0.1,"Water",48,0,"Water"
"Soil_2",3,"A1",0.1,"Water",144,0,"Water"
"Soil_2",3,"A2",0.1,"β-Methyl-D- Glucoside",24,0,"Soil"
"Soil_2",3,"A2",0.1,"β-Methyl-D- Glucoside",48,0,"Soil"
"Soil_2",3,"A2",0.1,"β-Methyl-D- Glucoside",144,0,"Soil"
"Soil_2",3,"A3",0.1,"D-Galactonic Acid γ-Lactone",24,0.001,"Soil"
"Soil_2",3,"A3",0.1,"D-Galactonic Acid γ-Lactone",48,0,"Soil"
"Soil_2",3,"A3",0.1,"D-Galactonic Acid γ-Lactone",144,0,"Soil"
"Soil_2",3,"A4",0.1,"L-Arginine",24,0,"Soil"
"Soil_2",3,"A4",0.1,"L-Arginine",48,0,"Soil"
"Soil_2",3,"A4",0.1,"L-Arginine",144,0,"Soil"
"Soil_2",3,"B1",0.1,"Pyruvic Acid Methyl Ester",24,0.192,"Soil"
"Soil_2",3,"B1",0.1,"Pyruvic Acid Methyl Ester",48,0.494,"Soil"
"Soil_2",3,"B1",0.1,"Pyruvic Acid Methyl Ester",144,0.589,"Soil"
"Soil_2",3,"B2",0.1,"D-Xylose",24,0.147,"Soil"
"Soil_2",3,"B2",0.1,"D-Xylose",48,0.324,"Soil"
"Soil_2",3,"B2",0.1,"D-Xylose",144,0.364,"Soil"
"Soil_2",3,"B3",0.1,"D-Galacturonic Acid",24,0.008,"Soil"
"Soil_2",3,"B3",0.1,"D-Galacturonic Acid",48,0.382,"Soil"
"Soil_2",3,"B3",0.1,"D-Galacturonic Acid",144,0.305,"Soil"
"Soil_2",3,"B4",0.1,"L-Asparganine",24,0,"Soil"
"Soil_2",3,"B4",0.1,"L-Asparganine",48,0,"Soil"
"Soil_2",3,"B4",0.1,"L-Asparganine",144,0,"Soil"
"Soil_2",3,"C1",0.1,"Tween 40",24,0,"Soil"
"Soil_2",3,"C1",0.1,"Tween 40",48,0.172,"Soil"
"Soil_2",3,"C1",0.1,"Tween 40",144,0.346,"Soil"
"Soil_2",3,"C2",0.1,"i-Erythitol",24,0.182,"Soil"
"Soil_2",3,"C2",0.1,"i-Erythitol",48,0.303,"Soil"
"Soil_2",3,"C2",0.1,"i-Erythitol",144,0.423,"Soil"
"Soil_2",3,"C3",0.1,"2-Hydroxy Benzoic Acid",24,0.003,"Soil"
"Soil_2",3,"C3",0.1,"2-Hydroxy Benzoic Acid",48,0.297,"Soil"
"Soil_2",3,"C3",0.1,"2-Hydroxy Benzoic Acid",144,0.532,"Soil"
"Soil_2",3,"C4",0.1,"L-Phenylalanine",24,0,"Soil"
"Soil_2",3,"C4",0.1,"L-Phenylalanine",48,0,"Soil"
"Soil_2",3,"C4",0.1,"L-Phenylalanine",144,0,"Soil"
"Soil_2",3,"D1",0.1,"Tween 80",24,0,"Soil"
"Soil_2",3,"D1",0.1,"Tween 80",48,0.27,"Soil"
"Soil_2",3,"D1",0.1,"Tween 80",144,0.337,"Soil"
"Soil_2",3,"D2",0.1,"D-Mannitol",24,0,"Soil"
"Soil_2",3,"D2",0.1,"D-Mannitol",48,0.414,"Soil"
"Soil_2",3,"D2",0.1,"D-Mannitol",144,0.63,"Soil"
"Soil_2",3,"D3",0.1,"4-Hydroxy Benzoic Acid",24,0.081,"Soil"
"Soil_2",3,"D3",0.1,"4-Hydroxy Benzoic Acid",48,0.66,"Soil"
"Soil_2",3,"D3",0.1,"4-Hydroxy Benzoic Acid",144,0.606,"Soil"
"Soil_2",3,"D4",0.1,"L-Serine",24,0,"Soil"
"Soil_2",3,"D4",0.1,"L-Serine",48,0,"Soil"
"Soil_2",3,"D4",0.1,"L-Serine",144,0,"Soil"
"Soil_2",3,"E1",0.1,"α-Cyclodextrin",24,0.188,"Soil"
"Soil_2",3,"E1",0.1,"α-Cyclodextrin",48,0.479,"Soil"
"Soil_2",3,"E1",0.1,"α-Cyclodextrin",144,0.585,"Soil"
"Soil_2",3,"E2",0.1,"N-Acetyl-D-Glucosamine",24,0.258,"Soil"
"Soil_2",3,"E2",0.1,"N-Acetyl-D-Glucosamine",48,0.5,"Soil"
"Soil_2",3,"E2",0.1,"N-Acetyl-D-Glucosamine",144,0.478,"Soil"
"Soil_2",3,"E3",0.1,"γ-Hydroxybutyric Acid",24,0.54,"Soil"
"Soil_2",3,"E3",0.1,"γ-Hydroxybutyric Acid",48,0.471,"Soil"
"Soil_2",3,"E3",0.1,"γ-Hydroxybutyric Acid",144,0.369,"Soil"
"Soil_2",3,"E4",0.1,"L-Threonine",24,0,"Soil"
"Soil_2",3,"E4",0.1,"L-Threonine",48,0,"Soil"
"Soil_2",3,"E4",0.1,"L-Threonine",144,0,"Soil"
"Soil_2",3,"F1",0.1,"Glycogen",24,0.198,"Soil"
"Soil_2",3,"F1",0.1,"Glycogen",48,0.503,"Soil"
"Soil_2",3,"F1",0.1,"Glycogen",144,0.67,"Soil"
"Soil_2",3,"F2",0.1,"D-Glucosaminic Acid",24,0.215,"Soil"
"Soil_2",3,"F2",0.1,"D-Glucosaminic Acid",48,0.302,"Soil"
"Soil_2",3,"F2",0.1,"D-Glucosaminic Acid",144,0.276,"Soil"
"Soil_2",3,"F3",0.1,"Itaconic Acid",24,0.1,"Soil"
"Soil_2",3,"F3",0.1,"Itaconic Acid",48,0.331,"Soil"
"Soil_2",3,"F3",0.1,"Itaconic Acid",144,0.586,"Soil"
"Soil_2",3,"F4",0.1,"Glycyl-L-Glutamic Acid",24,0,"Soil"
"Soil_2",3,"F4",0.1,"Glycyl-L-Glutamic Acid",48,0,"Soil"
"Soil_2",3,"F4",0.1,"Glycyl-L-Glutamic Acid",144,0,"Soil"
"Soil_2",3,"G1",0.1,"D-Cellobiose",24,0.058,"Soil"
"Soil_2",3,"G1",0.1,"D-Cellobiose",48,0.442,"Soil"
"Soil_2",3,"G1",0.1,"D-Cellobiose",144,0.602,"Soil"
"Soil_2",3,"G2",0.1,"Glucose-1-Phosphate",24,0.11,"Soil"
"Soil_2",3,"G2",0.1,"Glucose-1-Phosphate",48,0.355,"Soil"
"Soil_2",3,"G2",0.1,"Glucose-1-Phosphate",144,0.309,"Soil"
"Soil_2",3,"G3",0.1,"α-Ketobutyric Acid",24,0.005,"Soil"
"Soil_2",3,"G3",0.1,"α-Ketobutyric Acid",48,0.203,"Soil"
"Soil_2",3,"G3",0.1,"α-Ketobutyric Acid",144,0.345,"Soil"
"Soil_2",3,"G4",0.1,"Phenylethylamine",24,0,"Soil"
"Soil_2",3,"G4",0.1,"Phenylethylamine",48,0,"Soil"
"Soil_2",3,"G4",0.1,"Phenylethylamine",144,0,"Soil"
"Soil_2",3,"H1",0.1,"α-D-Lactose",24,0.002,"Soil"
"Soil_2",3,"H1",0.1,"α-D-Lactose",48,0,"Soil"
"Soil_2",3,"H1",0.1,"α-D-Lactose",144,0.025,"Soil"
"Soil_2",3,"H2",0.1,"D.L -α-Glycerol Phosphate",24,0.001,"Soil"
"Soil_2",3,"H2",0.1,"D.L -α-Glycerol Phosphate",48,0,"Soil"
"Soil_2",3,"H2",0.1,"D.L -α-Glycerol Phosphate",144,0,"Soil"
"Soil_2",3,"H3",0.1,"D-Mallic Acid",24,0,"Soil"
"Soil_2",3,"H3",0.1,"D-Mallic Acid",48,0,"Soil"
"Soil_2",3,"H3",0.1,"D-Mallic Acid",144,0,"Soil"
"Soil_2",3,"H4",0.1,"Putrescine",24,0,"Soil"
"Soil_2",3,"H4",0.1,"Putrescine",48,0,"Soil"
"Soil_2",3,"H4",0.1,"Putrescine",144,0,"Soil"
"Waste_Water",1,"A1",0.1,"Water",24,0,"Water"
"Waste_Water",1,"A1",0.1,"Water",48,0,"Water"
"Waste_Water",1,"A1",0.1,"Water",144,0,"Water"
"Waste_Water",1,"A2",0.1,"β-Methyl-D- Glucoside",24,0,"Water"
"Waste_Water",1,"A2",0.1,"β-Methyl-D- Glucoside",48,1.072,"Water"
"Waste_Water",1,"A2",0.1,"β-Methyl-D- Glucoside",144,1.56,"Water"
"Waste_Water",1,"A3",0.1,"D-Galactonic Acid γ-Lactone",24,0.011,"Water"
"Waste_Water",1,"A3",0.1,"D-Galactonic Acid γ-Lactone",48,1.926,"Water"
"Waste_Water",1,"A3",0.1,"D-Galactonic Acid γ-Lactone",144,1.619,"Water"
"Waste_Water",1,"A4",0.1,"L-Arginine",24,0.245,"Water"
"Waste_Water",1,"A4",0.1,"L-Arginine",48,0.433,"Water"
"Waste_Water",1,"A4",0.1,"L-Arginine",144,2.545,"Water"
"Waste_Water",1,"B1",0.1,"Pyruvic Acid Methyl Ester",24,0,"Water"
"Waste_Water",1,"B1",0.1,"Pyruvic Acid Methyl Ester",48,0.626,"Water"
"Waste_Water",1,"B1",0.1,"Pyruvic Acid Methyl Ester",144,0.948,"Water"
"Waste_Water",1,"B2",0.1,"D-Xylose",24,0.019,"Water"
"Waste_Water",1,"B2",0.1,"D-Xylose",48,0,"Water"
"Waste_Water",1,"B2",0.1,"D-Xylose",144,0,"Water"
"Waste_Water",1,"B3",0.1,"D-Galacturonic Acid",24,0.2,"Water"
"Waste_Water",1,"B3",0.1,"D-Galacturonic Acid",48,0.578,"Water"
"Waste_Water",1,"B3",0.1,"D-Galacturonic Acid",144,1.807,"Water"
"Waste_Water",1,"B4",0.1,"L-Asparganine",24,0.059,"Water"
"Waste_Water",1,"B4",0.1,"L-Asparganine",48,1.223,"Water"
"Waste_Water",1,"B4",0.1,"L-Asparganine",144,1.932,"Water"
"Waste_Water",1,"C1",0.1,"Tween 40",24,0,"Water"
"Waste_Water",1,"C1",0.1,"Tween 40",48,0,"Water"
"Waste_Water",1,"C1",0.1,"Tween 40",144,0.045,"Water"
"Waste_Water",1,"C2",0.1,"i-Erythitol",24,0.017,"Water"
"Waste_Water",1,"C2",0.1,"i-Erythitol",48,0.141,"Water"
"Waste_Water",1,"C2",0.1,"i-Erythitol",144,0.717,"Water"
"Waste_Water",1,"C3",0.1,"2-Hydroxy Benzoic Acid",24,0.009,"Water"
"Waste_Water",1,"C3",0.1,"2-Hydroxy Benzoic Acid",48,0,"Water"
"Waste_Water",1,"C3",0.1,"2-Hydroxy Benzoic Acid",144,0,"Water"
"Waste_Water",1,"C4",0.1,"L-Phenylalanine",24,0.014,"Water"
"Waste_Water",1,"C4",0.1,"L-Phenylalanine",48,0.537,"Water"
"Waste_Water",1,"C4",0.1,"L-Phenylalanine",144,1.62,"Water"
"Waste_Water",1,"D1",0.1,"Tween 80",24,0.062,"Water"
"Waste_Water",1,"D1",0.1,"Tween 80",48,0.74,"Water"
"Waste_Water",1,"D1",0.1,"Tween 80",144,2.195,"Water"
"Waste_Water",1,"D2",0.1,"D-Mannitol",24,0.123,"Water"
"Waste_Water",1,"D2",0.1,"D-Mannitol",48,1.084,"Water"
"Waste_Water",1,"D2",0.1,"D-Mannitol",144,2.316,"Water"
"Waste_Water",1,"D3",0.1,"4-Hydroxy Benzoic Acid",24,0.008,"Water"
"Waste_Water",1,"D3",0.1,"4-Hydroxy Benzoic Acid",48,0.402,"Water"
"Waste_Water",1,"D3",0.1,"4-Hydroxy Benzoic Acid",144,1.665,"Water"
"Waste_Water",1,"D4",0.1,"L-Serine",24,0.014,"Water"
"Waste_Water",1,"D4",0.1,"L-Serine",48,1.269,"Water"
"Waste_Water",1,"D4",0.1,"L-Serine",144,2.008,"Water"
"Waste_Water",1,"E1",0.1,"α-Cyclodextrin",24,0.029,"Water"
"Waste_Water",1,"E1",0.1,"α-Cyclodextrin",48,0.13,"Water"
"Waste_Water",1,"E1",0.1,"α-Cyclodextrin",144,0.345,"Water"
"Waste_Water",1,"E2",0.1,"N-Acetyl-D-Glucosamine",24,0.019,"Water"
"Waste_Water",1,"E2",0.1,"N-Acetyl-D-Glucosamine",48,1.181,"Water"
"Waste_Water",1,"E2",0.1,"N-Acetyl-D-Glucosamine",144,2.377,"Water"
"Waste_Water",1,"E3",0.1,"γ-Hydroxybutyric Acid",24,0.066,"Water"
"Waste_Water",1,"E3",0.1,"γ-Hydroxybutyric Acid",48,0.43,"Water"
"Waste_Water",1,"E3",0.1,"γ-Hydroxybutyric Acid",144,0.618,"Water"
"Waste_Water",1,"E4",0.1,"L-Threonine",24,0.058,"Water"
"Waste_Water",1,"E4",0.1,"L-Threonine",48,0.596,"Water"
"Waste_Water",1,"E4",0.1,"L-Threonine",144,1.071,"Water"
"Waste_Water",1,"F1",0.1,"Glycogen",24,0.885,"Water"
"Waste_Water",1,"F1",0.1,"Glycogen",48,1.489,"Water"
"Waste_Water",1,"F1",0.1,"Glycogen",144,1.667,"Water"
"Waste_Water",1,"F2",0.1,"D-Glucosaminic Acid",24,0.009,"Water"
"Waste_Water",1,"F2",0.1,"D-Glucosaminic Acid",48,0.008,"Water"
"Waste_Water",1,"F2",0.1,"D-Glucosaminic Acid",144,0.15,"Water"
"Waste_Water",1,"F3",0.1,"Itaconic Acid",24,0.037,"Water"
"Waste_Water",1,"F3",0.1,"Itaconic Acid",48,0.182,"Water"
"Waste_Water",1,"F3",0.1,"Itaconic Acid",144,0.308,"Water"
"Waste_Water",1,"F4",0.1,"Glycyl-L-Glutamic Acid",24,0.014,"Water"
"Waste_Water",1,"F4",0.1,"Glycyl-L-Glutamic Acid",48,0.224,"Water"
"Waste_Water",1,"F4",0.1,"Glycyl-L-Glutamic Acid",144,0.724,"Water"
"Waste_Water",1,"G1",0.1,"D-Cellobiose",24,0.177,"Water"
"Waste_Water",1,"G1",0.1,"D-Cellobiose",48,1.074,"Water"
"Waste_Water",1,"G1",0.1,"D-Cellobiose",144,1.139,"Water"
"Waste_Water",1,"G2",0.1,"Glucose-1-Phosphate",24,0.033,"Water"
"Waste_Water",1,"G2",0.1,"Glucose-1-Phosphate",48,0.493,"Water"
"Waste_Water",1,"G2",0.1,"Glucose-1-Phosphate",144,1.193,"Water"
"Waste_Water",1,"G3",0.1,"α-Ketobutyric Acid",24,0.025,"Water"
"Waste_Water",1,"G3",0.1,"α-Ketobutyric Acid",48,0,"Water"
"Waste_Water",1,"G3",0.1,"α-Ketobutyric Acid",144,0.063,"Water"
"Waste_Water",1,"G4",0.1,"Phenylethylamine",24,0.04,"Water"
"Waste_Water",1,"G4",0.1,"Phenylethylamine",48,0.239,"Water"
"Waste_Water",1,"G4",0.1,"Phenylethylamine",144,1.421,"Water"
"Waste_Water",1,"H1",0.1,"α-D-Lactose",24,0.01,"Water"
"Waste_Water",1,"H1",0.1,"α-D-Lactose",48,0,"Water"
"Waste_Water",1,"H1",0.1,"α-D-Lactose",144,0.911,"Water"
"Waste_Water",1,"H2",0.1,"D.L -α-Glycerol Phosphate",24,0,"Water"
"Waste_Water",1,"H2",0.1,"D.L -α-Glycerol Phosphate",48,0.246,"Water"
"Waste_Water",1,"H2",0.1,"D.L -α-Glycerol Phosphate",144,0.3,"Water"
"Waste_Water",1,"H3",0.1,"D-Mallic Acid",24,0.041,"Water"
"Waste_Water",1,"H3",0.1,"D-Mallic Acid",48,1.01,"Water"
"Waste_Water",1,"H3",0.1,"D-Mallic Acid",144,0.646,"Water"
"Waste_Water",1,"H4",0.1,"Putrescine",24,0.012,"Water"
"Waste_Water",1,"H4",0.1,"Putrescine",48,0.488,"Water"
"Waste_Water",1,"H4",0.1,"Putrescine",144,0.466,"Water"
"Waste_Water",2,"A1",0.1,"Water",24,0,"Water"
"Waste_Water",2,"A1",0.1,"Water",48,0,"Water"
"Waste_Water",2,"A1",0.1,"Water",144,0,"Water"
"Waste_Water",2,"A2",0.1,"β-Methyl-D- Glucoside",24,0,"Water"
"Waste_Water",2,"A2",0.1,"β-Methyl-D- Glucoside",48,1.241,"Water"
"Waste_Water",2,"A2",0.1,"β-Methyl-D- Glucoside",144,1.859,"Water"
"Waste_Water",2,"A3",0.1,"D-Galactonic Acid γ-Lactone",24,0.011,"Water"
"Waste_Water",2,"A3",0.1,"D-Galactonic Acid γ-Lactone",48,0,"Water"
"Waste_Water",2,"A3",0.1,"D-Galactonic Acid γ-Lactone",144,0,"Water"
"Waste_Water",2,"A4",0.1,"L-Arginine",24,0.245,"Water"
"Waste_Water",2,"A4",0.1,"L-Arginine",48,0.19,"Water"
"Waste_Water",2,"A4",0.1,"L-Arginine",144,0.635,"Water"
"Waste_Water",2,"B1",0.1,"Pyruvic Acid Methyl Ester",24,0,"Water"
"Waste_Water",2,"B1",0.1,"Pyruvic Acid Methyl Ester",48,0.097,"Water"
"Waste_Water",2,"B1",0.1,"Pyruvic Acid Methyl Ester",144,0.221,"Water"
"Waste_Water",2,"B2",0.1,"D-Xylose",24,0.019,"Water"
"Waste_Water",2,"B2",0.1,"D-Xylose",48,0,"Water"
"Waste_Water",2,"B2",0.1,"D-Xylose",144,0,"Water"
"Waste_Water",2,"B3",0.1,"D-Galacturonic Acid",24,0.2,"Water"
"Waste_Water",2,"B3",0.1,"D-Galacturonic Acid",48,0.374,"Water"
"Waste_Water",2,"B3",0.1,"D-Galacturonic Acid",144,1.911,"Water"
"Waste_Water",2,"B4",0.1,"L-Asparganine",24,0.059,"Water"
"Waste_Water",2,"B4",0.1,"L-Asparganine",48,1.178,"Water"
"Waste_Water",2,"B4",0.1,"L-Asparganine",144,1.389,"Water"
"Waste_Water",2,"C1",0.1,"Tween 40",24,0,"Water"
"Waste_Water",2,"C1",0.1,"Tween 40",48,0,"Water"
"Waste_Water",2,"C1",0.1,"Tween 40",144,0.563,"Water"
"Waste_Water",2,"C2",0.1,"i-Erythitol",24,0.017,"Water"
"Waste_Water",2,"C2",0.1,"i-Erythitol",48,0,"Water"
"Waste_Water",2,"C2",0.1,"i-Erythitol",144,0.495,"Water"
"Waste_Water",2,"C3",0.1,"2-Hydroxy Benzoic Acid",24,0.009,"Water"
"Waste_Water",2,"C3",0.1,"2-Hydroxy Benzoic Acid",48,0,"Water"
"Waste_Water",2,"C3",0.1,"2-Hydroxy Benzoic Acid",144,0,"Water"
"Waste_Water",2,"C4",0.1,"L-Phenylalanine",24,0.014,"Water"
"Waste_Water",2,"C4",0.1,"L-Phenylalanine",48,0.06,"Water"
"Waste_Water",2,"C4",0.1,"L-Phenylalanine",144,1.271,"Water"
"Waste_Water",2,"D1",0.1,"Tween 80",24,0.062,"Water"
"Waste_Water",2,"D1",0.1,"Tween 80",48,0.701,"Water"
"Waste_Water",2,"D1",0.1,"Tween 80",144,1.935,"Water"
"Waste_Water",2,"D2",0.1,"D-Mannitol",24,0.123,"Water"
"Waste_Water",2,"D2",0.1,"D-Mannitol",48,0.395,"Water"
"Waste_Water",2,"D2",0.1,"D-Mannitol",144,1.244,"Water"
"Waste_Water",2,"D3",0.1,"4-Hydroxy Benzoic Acid",24,0.008,"Water"
"Waste_Water",2,"D3",0.1,"4-Hydroxy Benzoic Acid",48,0.205,"Water"
"Waste_Water",2,"D3",0.1,"4-Hydroxy Benzoic Acid",144,0.819,"Water"
"Waste_Water",2,"D4",0.1,"L-Serine",24,0.014,"Water"
"Waste_Water",2,"D4",0.1,"L-Serine",48,1.012,"Water"
"Waste_Water",2,"D4",0.1,"L-Serine",144,1.31,"Water"
"Waste_Water",2,"E1",0.1,"α-Cyclodextrin",24,0.029,"Water"
"Waste_Water",2,"E1",0.1,"α-Cyclodextrin",48,0,"Water"
"Waste_Water",2,"E1",0.1,"α-Cyclodextrin",144,0,"Water"
"Waste_Water",2,"E2",0.1,"N-Acetyl-D-Glucosamine",24,0.019,"Water"
"Waste_Water",2,"E2",0.1,"N-Acetyl-D-Glucosamine",48,0.848,"Water"
"Waste_Water",2,"E2",0.1,"N-Acetyl-D-Glucosamine",144,1.679,"Water"
"Waste_Water",2,"E3",0.1,"γ-Hydroxybutyric Acid",24,0.066,"Water"
"Waste_Water",2,"E3",0.1,"γ-Hydroxybutyric Acid",48,0.106,"Water"
"Waste_Water",2,"E3",0.1,"γ-Hydroxybutyric Acid",144,0.122,"Water"
"Waste_Water",2,"E4",0.1,"L-Threonine",24,0.058,"Water"
"Waste_Water",2,"E4",0.1,"L-Threonine",48,0.099,"Water"
"Waste_Water",2,"E4",0.1,"L-Threonine",144,0.594,"Water"
"Waste_Water",2,"F1",0.1,"Glycogen",24,0.885,"Water"
"Waste_Water",2,"F1",0.1,"Glycogen",48,1.579,"Water"
"Waste_Water",2,"F1",0.1,"Glycogen",144,1.682,"Water"
"Waste_Water",2,"F2",0.1,"D-Glucosaminic Acid",24,0.009,"Water"
"Waste_Water",2,"F2",0.1,"D-Glucosaminic Acid",48,0,"Water"
"Waste_Water",2,"F2",0.1,"D-Glucosaminic Acid",144,0.177,"Water"
"Waste_Water",2,"F3",0.1,"Itaconic Acid",24,0.037,"Water"
"Waste_Water",2,"F3",0.1,"Itaconic Acid",48,0,"Water"
"Waste_Water",2,"F3",0.1,"Itaconic Acid",144,0,"Water"
"Waste_Water",2,"F4",0.1,"Glycyl-L-Glutamic Acid",24,0.014,"Water"
"Waste_Water",2,"F4",0.1,"Glycyl-L-Glutamic Acid",48,0.159,"Water"
"Waste_Water",2,"F4",0.1,"Glycyl-L-Glutamic Acid",144,1.311,"Water"
"Waste_Water",2,"G1",0.1,"D-Cellobiose",24,0.177,"Water"
"Waste_Water",2,"G1",0.1,"D-Cellobiose",48,1.1,"Water"
"Waste_Water",2,"G1",0.1,"D-Cellobiose",144,1.316,"Water"
"Waste_Water",2,"G2",0.1,"Glucose-1-Phosphate",24,0.033,"Water"
"Waste_Water",2,"G2",0.1,"Glucose-1-Phosphate",48,0,"Water"
"Waste_Water",2,"G2",0.1,"Glucose-1-Phosphate",144,0.073,"Water"
"Waste_Water",2,"G3",0.1,"α-Ketobutyric Acid",24,0.025,"Water"
"Waste_Water",2,"G3",0.1,"α-Ketobutyric Acid",48,0,"Water"
"Waste_Water",2,"G3",0.1,"α-Ketobutyric Acid",144,0,"Water"
"Waste_Water",2,"G4",0.1,"Phenylethylamine",24,0.04,"Water"
"Waste_Water",2,"G4",0.1,"Phenylethylamine",48,0.752,"Water"
"Waste_Water",2,"G4",0.1,"Phenylethylamine",144,0.628,"Water"
"Waste_Water",2,"H1",0.1,"α-D-Lactose",24,0.01,"Water"
"Waste_Water",2,"H1",0.1,"α-D-Lactose",48,0.412,"Water"
"Waste_Water",2,"H1",0.1,"α-D-Lactose",144,1.542,"Water"
"Waste_Water",2,"H2",0.1,"D.L -α-Glycerol Phosphate",24,0,"Water"
"Waste_Water",2,"H2",0.1,"D.L -α-Glycerol Phosphate",48,0,"Water"
"Waste_Water",2,"H2",0.1,"D.L -α-Glycerol Phosphate",144,0.144,"Water"
"Waste_Water",2,"H3",0.1,"D-Mallic Acid",24,0.041,"Water"
"Waste_Water",2,"H3",0.1,"D-Mallic Acid",48,0,"Water"
"Waste_Water",2,"H3",0.1,"D-Mallic Acid",144,0,"Water"
"Waste_Water",2,"H4",0.1,"Putrescine",24,0.012,"Water"
"Waste_Water",2,"H4",0.1,"Putrescine",48,0,"Water"
"Waste_Water",2,"H4",0.1,"Putrescine",144,2.056,"Water"
"Waste_Water",3,"A1",0.1,"Water",24,0,"Water"
"Waste_Water",3,"A1",0.1,"Water",48,0,"Water"
"Waste_Water",3,"A1",0.1,"Water",144,0,"Water"
"Waste_Water",3,"A2",0.1,"β-Methyl-D- Glucoside",24,0.084,"Water"
"Waste_Water",3,"A2",0.1,"β-Methyl-D- Glucoside",48,0.687,"Water"
"Waste_Water",3,"A2",0.1,"β-Methyl-D- Glucoside",144,0.636,"Water"
"Waste_Water",3,"A3",0.1,"D-Galactonic Acid γ-Lactone",24,0.056,"Water"
"Waste_Water",3,"A3",0.1,"D-Galactonic Acid γ-Lactone",48,1.041,"Water"
"Waste_Water",3,"A3",0.1,"D-Galactonic Acid γ-Lactone",144,0.75,"Water"
"Waste_Water",3,"A4",0.1,"L-Arginine",24,0.226,"Water"
"Waste_Water",3,"A4",0.1,"L-Arginine",48,0.748,"Water"
"Waste_Water",3,"A4",0.1,"L-Arginine",144,0.931,"Water"
"Waste_Water",3,"B1",0.1,"Pyruvic Acid Methyl Ester",24,0.178,"Water"
"Waste_Water",3,"B1",0.1,"Pyruvic Acid Methyl Ester",48,0.443,"Water"
"Waste_Water",3,"B1",0.1,"Pyruvic Acid Methyl Ester",144,0.672,"Water"
"Waste_Water",3,"B2",0.1,"D-Xylose",24,0,"Water"
"Waste_Water",3,"B2",0.1,"D-Xylose",48,0,"Water"
"Waste_Water",3,"B2",0.1,"D-Xylose",144,0,"Water"
"Waste_Water",3,"B3",0.1,"D-Galacturonic Acid",24,0.219,"Water"
"Waste_Water",3,"B3",0.1,"D-Galacturonic Acid",48,1.678,"Water"
"Waste_Water",3,"B3",0.1,"D-Galacturonic Acid",144,2.117,"Water"
"Waste_Water",3,"B4",0.1,"L-Asparganine",24,0.294,"Water"
"Waste_Water",3,"B4",0.1,"L-Asparganine",48,1.074,"Water"
"Waste_Water",3,"B4",0.1,"L-Asparganine",144,1.635,"Water"
"Waste_Water",3,"C1",0.1,"Tween 40",24,0,"Water"
"Waste_Water",3,"C1",0.1,"Tween 40",48,0.011,"Water"
"Waste_Water",3,"C1",0.1,"Tween 40",144,0.061,"Water"
"Waste_Water",3,"C2",0.1,"i-Erythitol",24,0.089,"Water"
"Waste_Water",3,"C2",0.1,"i-Erythitol",48,0.445,"Water"
"Waste_Water",3,"C2",0.1,"i-Erythitol",144,1.028,"Water"
"Waste_Water",3,"C3",0.1,"2-Hydroxy Benzoic Acid",24,0,"Water"
"Waste_Water",3,"C3",0.1,"2-Hydroxy Benzoic Acid",48,0.113,"Water"
"Waste_Water",3,"C3",0.1,"2-Hydroxy Benzoic Acid",144,0,"Water"
"Waste_Water",3,"C4",0.1,"L-Phenylalanine",24,0.084,"Water"
"Waste_Water",3,"C4",0.1,"L-Phenylalanine",48,0.385,"Water"
"Waste_Water",3,"C4",0.1,"L-Phenylalanine",144,0.5,"Water"
"Waste_Water",3,"D1",0.1,"Tween 80",24,0.226,"Water"
"Waste_Water",3,"D1",0.1,"Tween 80",48,0.772,"Water"
"Waste_Water",3,"D1",0.1,"Tween 80",144,2.606,"Water"
"Waste_Water",3,"D2",0.1,"D-Mannitol",24,0.277,"Water"
"Waste_Water",3,"D2",0.1,"D-Mannitol",48,0.863,"Water"
"Waste_Water",3,"D2",0.1,"D-Mannitol",144,2.591,"Water"
"Waste_Water",3,"D3",0.1,"4-Hydroxy Benzoic Acid",24,0.14,"Water"
"Waste_Water",3,"D3",0.1,"4-Hydroxy Benzoic Acid",48,0.513,"Water"
"Waste_Water",3,"D3",0.1,"4-Hydroxy Benzoic Acid",144,0.526,"Water"
"Waste_Water",3,"D4",0.1,"L-Serine",24,0.112,"Water"
"Waste_Water",3,"D4",0.1,"L-Serine",48,0.558,"Water"
"Waste_Water",3,"D4",0.1,"L-Serine",144,0.684,"Water"
"Waste_Water",3,"E1",0.1,"α-Cyclodextrin",24,0.009,"Water"
"Waste_Water",3,"E1",0.1,"α-Cyclodextrin",48,0.064,"Water"
"Waste_Water",3,"E1",0.1,"α-Cyclodextrin",144,0.089,"Water"
"Waste_Water",3,"E2",0.1,"N-Acetyl-D-Glucosamine",24,0.461,"Water"
"Waste_Water",3,"E2",0.1,"N-Acetyl-D-Glucosamine",48,1.489,"Water"
"Waste_Water",3,"E2",0.1,"N-Acetyl-D-Glucosamine",144,1.997,"Water"
"Waste_Water",3,"E3",0.1,"γ-Hydroxybutyric Acid",24,0.253,"Water"
"Waste_Water",3,"E3",0.1,"γ-Hydroxybutyric Acid",48,0.614,"Water"
"Waste_Water",3,"E3",0.1,"γ-Hydroxybutyric Acid",144,0.396,"Water"
"Waste_Water",3,"E4",0.1,"L-Threonine",24,0.008,"Water"
"Waste_Water",3,"E4",0.1,"L-Threonine",48,0.304,"Water"
"Waste_Water",3,"E4",0.1,"L-Threonine",144,0.608,"Water"
"Waste_Water",3,"F1",0.1,"Glycogen",24,0.388,"Water"
"Waste_Water",3,"F1",0.1,"Glycogen",48,0.89,"Water"
"Waste_Water",3,"F1",0.1,"Glycogen",144,1.376,"Water"
"Waste_Water",3,"F2",0.1,"D-Glucosaminic Acid",24,0.019,"Water"
"Waste_Water",3,"F2",0.1,"D-Glucosaminic Acid",48,0.09,"Water"
"Waste_Water",3,"F2",0.1,"D-Glucosaminic Acid",144,0.188,"Water"
"Waste_Water",3,"F3",0.1,"Itaconic Acid",24,0.092,"Water"
"Waste_Water",3,"F3",0.1,"Itaconic Acid",48,0.28,"Water"
"Waste_Water",3,"F3",0.1,"Itaconic Acid",144,0.734,"Water"
"Waste_Water",3,"F4",0.1,"Glycyl-L-Glutamic Acid",24,0.036,"Water"
"Waste_Water",3,"F4",0.1,"Glycyl-L-Glutamic Acid",48,0.338,"Water"
"Waste_Water",3,"F4",0.1,"Glycyl-L-Glutamic Acid",144,0.853,"Water"
"Waste_Water",3,"G1",0.1,"D-Cellobiose",24,0.714,"Water"
"Waste_Water",3,"G1",0.1,"D-Cellobiose",48,1.204,"Water"
"Waste_Water",3,"G1",0.1,"D-Cellobiose",144,1.817,"Water"
"Waste_Water",3,"G2",0.1,"Glucose-1-Phosphate",24,0.011,"Water"
"Waste_Water",3,"G2",0.1,"Glucose-1-Phosphate",48,0.574,"Water"
"Waste_Water",3,"G2",0.1,"Glucose-1-Phosphate",144,1.075,"Water"
"Waste_Water",3,"G3",0.1,"α-Ketobutyric Acid",24,0,"Water"
"Waste_Water",3,"G3",0.1,"α-Ketobutyric Acid",48,0,"Water"
"Waste_Water",3,"G3",0.1,"α-Ketobutyric Acid",144,0,"Water"
"Waste_Water",3,"G4",0.1,"Phenylethylamine",24,0.328,"Water"
"Waste_Water",3,"G4",0.1,"Phenylethylamine",48,0.078,"Water"
"Waste_Water",3,"G4",0.1,"Phenylethylamine",144,0.167,"Water"
"Waste_Water",3,"H1",0.1,"α-D-Lactose",24,0.032,"Water"
"Waste_Water",3,"H1",0.1,"α-D-Lactose",48,0.994,"Water"
"Waste_Water",3,"H1",0.1,"α-D-Lactose",144,1.154,"Water"
"Waste_Water",3,"H2",0.1,"D.L -α-Glycerol Phosphate",24,0.11,"Water"
"Waste_Water",3,"H2",0.1,"D.L -α-Glycerol Phosphate",48,0.196,"Water"
"Waste_Water",3,"H2",0.1,"D.L -α-Glycerol Phosphate",144,0.464,"Water"
"Waste_Water",3,"H3",0.1,"D-Mallic Acid",24,0.014,"Water"
"Waste_Water",3,"H3",0.1,"D-Mallic Acid",48,0.007,"Water"
"Waste_Water",3,"H3",0.1,"D-Mallic Acid",144,0.322,"Water"
"Waste_Water",3,"H4",0.1,"Putrescine",24,0.045,"Water"
"Waste_Water",3,"H4",0.1,"Putrescine",48,0.327,"Water"
"Waste_Water",3,"H4",0.1,"Putrescine",144,1.158,"Water"
